game_pk,game_datetime,away_team,home_team,team,opponent,is_home,player_id,player_name,player_type,lineup_status,batting_order,pitcher_k_per_start,pitcher_outs_per_start,pitcher_hits_allowed_per_start,pitcher_pitches_per_start,pitcher_bf_per_start,pitcher_k_rate,pitcher_whiff_rate,pitcher_called_strike_rate,pitcher_xwoba_allowed,pitcher_hits_allowed_rate,pitcher_walk_rate,pitcher_velocity,opponent_k_rate,opponent_hits_per_game,opponent_tb_per_game,opponent_pa_per_game,venue,temperature_f,humidity_pct,wind_speed_mph,precipitation_in,roof_control_factor,venue_roof_control_factor,park_hr_factor,market_key,market_label,projection,away_team_market,home_team_market,player_key,point,over_odds,under_odds,over_book,under_book,over_no_vig_probability,under_no_vig_probability,line,over_probability,under_probability,over_fair_odds,under_fair_odds,over_edge,under_edge,over_ev_per_unit,under_ev_per_unit,signal,confidence,batter_hits_per_game,batter_tb_per_game,batter_hr_per_game,batter_pa_per_game,batter_hit_rate,batter_tb_rate,batter_hr_rate,batter_k_rate,batter_bb_rate,batter_xwoba,batter_hard_hit_rate,batter_barrel_rate,opposing_pitcher_k_rate,opposing_pitcher_xwoba_allowed,opposing_pitcher_hits_allowed_rate,opposing_pitcher_outs_per_start,best_ev_per_unit,actual_batter_hits,actual_batter_total_bases,actual_batter_home_runs,actual_pitcher_strikeouts,actual_pitcher_outs,actual_pitcher_hits_allowed,actual,graded,projection_error,pick_side,pick_result,profit_units
849844,2026-10-02 00:00:00+00:00,PHI,ATL,PHI,ATL,0,605400,Aaron Nola,pitcher,probable starter,,5.533333333333333,16.333333333333332,4.8,89.2,22.6,0.2368523022870849,0.244214216949235,0.171954809778268,0.3219417635704349,0.2291105979366849,0.0845114429317328,85.94861864542855,0.2184115523465704,8.133333333333333,13.0,36.93333333333333,Truist Park,76.9,66.0,4.5,0.0,0.0,0.0,1.0,pitcher_outs,Pitcher outs,15.683660377380644,PHI,ATL,aaron nola,9.5,-118.0,-112.0,DraftKings,DraftKings,0.5060689431946916,0.4939310568053083,9.5,0.90990990990991,0.09009009009009,-1010,1010,0.4038409667152183,-0.4038409667152182,0.6810200030539014,-0.8294723294723295,OVER VALUE,0.8198198198198199,,,,,,,,,,,,,,,,,0.6810200030539014,,,,1.0,5.0,2.0,5.0,True,10.683660377380644,OVER,LOSS,-1.0
849844,2026-10-02 00:00:00+00:00,PHI,ATL,PHI,ATL,0,605400,Aaron Nola,pitcher,probable starter,,5.533333333333333,16.333333333333332,4.8,89.2,22.6,0.2368523022870849,0.244214216949235,0.171954809778268,0.3219417635704349,0.2291105979366849,0.0845114429317328,85.94861864542855,0.2184115523465704,8.133333333333333,13.0,36.93333333333333,Truist Park,76.9,66.0,4.5,0.0,0.0,0.0,1.0,pitcher_hits_allowed,Pitcher hits allowed,5.061967485719711,PHI,ATL,aaron nola,3.5,126.0,-165.0,DraftKings,Bovada,0.4154256153002038,0.5845743846997963,3.5,0.7027027027027027,0.2972972972972972,-236,236,0.2872770874024989,-0.287277087402499,0.5881081081081082,-0.5225225225225225,OVER VALUE,0.4054054054054055,,,,,,,,,,,,,,,,,0.5881081081081082,,,,1.0,5.0,2.0,2.0,True,3.061967485719711,OVER,LOSS,-1.0
849844,2026-10-02 00:00:00+00:00,PHI,ATL,PHI,ATL,0,605400,Aaron Nola,pitcher,probable starter,,5.533333333333333,16.333333333333332,4.8,89.2,22.6,0.2368523022870849,0.244214216949235,0.171954809778268,0.3219417635704349,0.2291105979366849,0.0845114429317328,85.94861864542855,0.2184115523465704,8.133333333333333,13.0,36.93333333333333,Truist Park,76.9,66.0,4.5,0.0,0.0,0.0,1.0,pitcher_strikeouts,Pitcher strikeouts,4.797103129666974,PHI,ATL,aaron nola,3.5,-111.0,100.0,DraftKings,FanDuel,0.5127020785219399,0.48729792147806,3.5,0.685971685971686,0.314028314028314,-218,218,0.173269607449746,-0.173269607449746,0.3039641958560878,-0.371943371943372,OVER VALUE,0.371943371943372,,,,,,,,,,,,,,,,,0.3039641958560878,,,,1.0,5.0,2.0,1.0,True,3.797103129666974,OVER,LOSS,-1.0
849844,2026-10-02 00:00:00+00:00,PHI,ATL,ATL,PHI,1,678061,Ray Kerr,pitcher,probable starter,,0.0,9.0,2.0,32.0,11.0,0.0,0.0555555555555555,0.15625,0.3509277272727272,0.1818181818181818,0.0909090909090909,90.95625,0.1793478260869565,7.4,11.733333333333333,36.8,Truist Park,76.9,66.0,4.5,0.0,0.0,0.0,1.0,pitcher_strikeouts,Pitcher strikeouts,2.2941567588864524,PHI,ATL,ray kerr,0.5,-240.0,182.0,MyBookie.ag,BetOnline.ag,0.6656176239181747,0.3343823760818253,0.5,0.8558558558558559,0.1441441441441441,-594,594,0.1902382319376812,-0.1902382319376812,0.2124624624624625,-0.5935135135135137,OVER VALUE,0.7117117117117118,,,,,,,,,,,,,,,,,0.2124624624624625,,,,2.0,10.0,1.0,2.0,True,0.29415675888645243,OVER,WIN,0.4166666666666667
849844,2026-10-02 00:00:00+00:00,PHI,ATL,ATL,PHI,1,671739,Michael Harris II,batter,confirmed,4.0,,,,,,,,,,,,,,,,,Truist Park,76.9,66.0,4.5,0.0,0.0,0.0,1.0,batter_hits,Batter hits,0.9941144345191586,PHI,ATL,michael harris ii,0.5,-205.0,195.0,BetRivers,BetMGM,0.6647430612805715,0.3352569387194283,0.5,0.5899100899100899,0.4100899100899101,-144,144,-0.0748329713704816,0.0748329713704817,-0.1223288906215736,0.2097652347652349,UNDER VALUE,0.1798201798201797,1.7333333333333334,2.4,0.1333333333333333,4.333333333333333,0.3733333333333333,0.51,0.0266666666666666,0.1222222222222222,0.0333333333333333,0.3674117777777778,0.2949013949013948,0.0577777777777777,0.2368523022870849,0.3219417635704349,0.2291105979366849,16.333333333333332,0.2097652347652349,1.0,4.0,1.0,,,,1.0,True,0.005885565480841404,UNDER,LOSS,-1.0
849844,2026-10-02 00:00:00+00:00,PHI,ATL,ATL,PHI,1,642086,Dominic Smith,batter,confirmed,9.0,,,,,,,,,,,,,,,,,Truist Park,76.9,66.0,4.5,0.0,0.0,0.0,1.0,batter_hits,Batter hits,0.7051141814910029,PHI,ATL,dominic smith,0.5,100.0,-130.0,BetOnline.ag,BetOnline.ag,0.4693877551020409,0.5306122448979592,0.5,0.5899100899100899,0.4100899100899101,-144,144,0.1205223348080489,-0.120522334808049,0.1798201798201797,-0.2744563129178513,OVER VALUE,0.1798201798201797,0.6666666666666666,1.2666666666666666,0.2,3.1333333333333333,0.1844444444444444,0.3511111111111111,0.0555555555555555,0.2166666666666666,0.0722222222222222,0.2481545944444444,0.1544444444444444,0.0555555555555555,0.2368523022870849,0.3219417635704349,0.2291105979366849,16.333333333333332,0.1798201798201797,2.0,2.0,0.0,,,,2.0,True,1.294885818508997,OVER,WIN,1.0
849844,2026-10-02 00:00:00+00:00,PHI,ATL,ATL,PHI,1,686948,Drake Baldwin,batter,confirmed,1.0,,,,,,,,,,,,,,,,,Truist Park,76.9,66.0,4.5,0.0,0.0,0.0,1.0,batter_hits,Batter hits,1.0433043356501144,PHI,ATL,drake baldwin,0.5,-244.0,186.0,BetOnline.ag,DraftKings,0.6698149427935192,0.3301850572064808,0.5,0.5899100899100899,0.4100899100899101,-144,144,-0.0799048528834293,0.0799048528834293,-0.1683234797988897,0.172857142857143,UNDER VALUE,0.1798201798201797,1.4,2.1333333333333333,0.1333333333333333,4.666666666666667,0.2933333333333333,0.44,0.0266666666666666,0.2233333333333333,0.06,0.3672013600000001,0.2824338624338624,0.0605291005291005,0.2368523022870849,0.3219417635704349,0.2291105979366849,16.333333333333332,0.172857142857143,0.0,0.0,0.0,,,,0.0,True,1.0433043356501144,UNDER,WIN,1.86
849844,2026-10-02 00:00:00+00:00,PHI,ATL,ATL,PHI,1,660670,Ronald Acuña Jr.,batter,confirmed,2.0,,,,,,,,,,,,,,,,,Truist Park,76.9,66.0,4.5,0.0,0.0,0.0,1.0,batter_hits,Batter hits,0.991826328335037,PHI,ATL,ronald acuna jr,0.5,-233.0,180.0,BetOnline.ag,BetMGM,0.6620661660239497,0.3379338339760503,0.5,0.5899100899100899,0.4100899100899101,-144,144,-0.0721560761138598,0.0721560761138597,-0.1569096139911591,0.1482517482517483,UNDER VALUE,0.1798201798201797,1.0,1.9333333333333331,0.2666666666666666,4.4,0.22,0.42,0.0566666666666666,0.1733333333333333,0.1,0.3826676766666666,0.2278042328042328,0.0874603174603174,0.2368523022870849,0.3219417635704349,0.2291105979366849,16.333333333333332,0.1482517482517483,1.0,1.0,0.0,,,,1.0,True,0.008173671664962967,UNDER,LOSS,-1.0
849844,2026-10-02 00:00:00+00:00,PHI,ATL,ATL,PHI,1,642086,Dominic Smith,batter,confirmed,9.0,,,,,,,,,,,,,,,,,Truist Park,76.9,66.0,4.5,0.0,0.0,0.0,1.0,batter_total_bases,Batter total bases,1.082701298550213,PHI,ATL,dominic smith,0.5,100.0,-130.0,BetOnline.ag,BetOnline.ag,0.4693877551020409,0.5306122448979592,0.5,0.5724275724275725,0.4275724275724275,-134,134,0.1030398173255315,-0.1030398173255316,0.1448551448551449,-0.2435257050641666,OVER VALUE,0.1448551448551449,0.6666666666666666,1.2666666666666666,0.2,3.1333333333333333,0.1844444444444444,0.3511111111111111,0.0555555555555555,0.2166666666666666,0.0722222222222222,0.2481545944444444,0.1544444444444444,0.0555555555555555,0.2368523022870849,0.3219417635704349,0.2291105979366849,16.333333333333332,0.1448551448551449,2.0,2.0,0.0,,,,2.0,True,0.9172987014497871,OVER,WIN,1.0
849844,2026-10-02 00:00:00+00:00,PHI,ATL,PHI,ATL,0,664761,Alec Bohm,batter,confirmed,4.0,,,,,,,,,,,,,,,,,Truist Park,76.9,66.0,4.5,0.0,0.0,0.0,1.0,batter_hits,Batter hits,1.0307132562464107,PHI,ATL,alec bohm,0.5,-220.0,175.0,BetRivers,BetMGM,0.6540540540540539,0.3459459459459459,0.5,0.5899100899100899,0.4100899100899101,-144,144,-0.064143964143964,0.0641439641439642,-0.1419489601307784,0.1277472527472528,UNDER VALUE,0.1798201798201797,1.0666666666666669,1.4666666666666666,0.0666666666666666,4.266666666666667,0.24,0.3266666666666667,0.0133333333333333,0.0666666666666666,0.1366666666666667,0.3680050933333333,0.3535978835978836,0.0639682539682539,0.0,0.3509277272727272,0.1818181818181818,9.0,0.1277472527472528,1.0,1.0,0.0,,,,1.0,True,0.030713256246410747,UNDER,LOSS,-1.0
849844,2026-10-02 00:00:00+00:00,PHI,ATL,PHI,ATL,0,607208,Trea Turner,batter,confirmed,1.0,,,,,,,,,,,,,,,,,Truist Park,76.9,66.0,4.5,0.0,0.0,0.0,1.0,batter_hits,Batter hits,1.091953454484274,PHI,ATL,trea turner,1.5,197.0,-250.0,DraftKings,BetMGM,0.3203661327231121,0.6796338672768879,1.5,0.2142857142857142,0.7857142857142857,367,-367,-0.1060804184373978,0.1060804184373978,-0.3635714285714286,0.0999999999999999,UNDER VALUE,0.5714285714285714,1.0,1.2,0.0,4.6,0.2133333333333333,0.2533333333333333,0.0,0.1733333333333333,0.1066666666666666,0.3075724066666666,0.3258585858585858,0.0,0.0,0.3509277272727272,0.1818181818181818,9.0,0.0999999999999999,0.0,0.0,0.0,,,,0.0,True,1.091953454484274,UNDER,WIN,0.4
849844,2026-10-02 00:00:00+00:00,PHI,ATL,ATL,PHI,1,643289,Mauricio Dubón,batter,confirmed,5.0,,,,,,,,,,,,,,,,,Truist Park,76.9,66.0,4.5,0.0,0.0,0.0,1.0,batter_hits,Batter hits,0.9817325959983744,PHI,ATL,mauricio dubon,0.5,-208.0,165.0,DraftKings,BetMGM,0.6415270018621974,0.3584729981378026,0.5,0.5899100899100899,0.4100899100899101,-144,144,-0.0516169119521074,0.0516169119521075,-0.1264792899408284,0.0867382617382618,UNDER VALUE,0.1798201798201797,1.5333333333333334,2.1333333333333333,0.0666666666666666,4.333333333333333,0.3433333333333334,0.4900000000000001,0.0166666666666666,0.14,0.0599999999999999,0.3151122755555556,0.1654497354497354,0.03,0.2368523022870849,0.3219417635704349,0.2291105979366849,16.333333333333332,0.0867382617382618,0.0,0.0,0.0,,,,0.0,True,0.9817325959983744,UNDER,WIN,1.65
849844,2026-10-02 00:00:00+00:00,PHI,ATL,PHI,ATL,0,547180,Bryce Harper,batter,confirmed,3.0,,,,,,,,,,,,,,,,,Truist Park,76.9,66.0,4.5,0.0,0.0,0.0,1.0,batter_hits,Batter hits,1.045576111007903,PHI,ATL,bryce harper,0.5,-195.0,164.0,BetRivers,BetOnline.ag,0.635712521610274,0.3642874783897258,0.5,0.5899100899100899,0.4100899100899101,-144,144,-0.0458024317001841,0.0458024317001843,-0.107571915264223,0.0826373626373627,UNDER VALUE,0.1798201798201797,1.0,1.6,0.1333333333333333,4.533333333333333,0.21,0.33,0.0266666666666666,0.2266666666666666,0.0766666666666666,0.2745647433333333,0.1568253968253968,0.0295238095238095,0.0,0.3509277272727272,0.1818181818181818,9.0,0.0826373626373627,1.0,2.0,0.0,,,,1.0,True,0.04557611100790293,UNDER,LOSS,-1.0
849844,2026-10-02 00:00:00+00:00,PHI,ATL,PHI,ATL,0,650559,Bryan De La Cruz,batter,confirmed,6.0,,,,,,,,,,,,,,,,,Truist Park,76.9,66.0,4.5,0.0,0.0,0.0,1.0,batter_hits,Batter hits,0.8426713941213541,PHI,ATL,bryan de la cruz,0.5,-122.0,-106.0,BetOnline.ag,BetOnline.ag,0.5164392569455861,0.483560743054414,0.5,0.5899100899100899,0.4100899100899101,-144,144,0.0734708329645037,-0.0734708329645038,0.0734429504921307,-0.2030328162403633,OVER VALUE,0.1798201798201797,0.6,0.9333333333333332,0.0666666666666666,3.6,0.1833333333333333,0.2888888888888888,0.0222222222222222,0.1988888888888889,0.1055555555555555,0.2990868222222221,0.1877248677248677,0.0133333333333333,0.0,0.3509277272727272,0.1818181818181818,9.0,0.0734429504921307,1.0,1.0,0.0,,,,1.0,True,0.15732860587864594,OVER,WIN,0.819672131147541
849844,2026-10-02 00:00:00+00:00,PHI,ATL,ATL,PHI,1,573262,Mike Yastrzemski,batter,confirmed,6.0,,,,,,,,,,,,,,,,,Truist Park,76.9,66.0,4.5,0.0,0.0,0.0,1.0,batter_hits,Batter hits,0.8120585075036476,PHI,ATL,mike yastrzemski,0.5,-122.0,100.0,DraftKings,BetMGM,0.5236051502145922,0.4763948497854076,0.5,0.5899100899100899,0.4100899100899101,-144,144,0.0663049396954976,-0.0663049396954975,0.0734429504921307,-0.1798201798201797,OVER VALUE,0.1798201798201797,0.8,1.2666666666666666,0.1333333333333333,3.933333333333333,0.19,0.3033333333333333,0.0333333333333333,0.2377777777777777,0.0633333333333333,0.2635381522222222,0.2033333333333333,0.0333333333333333,0.2368523022870849,0.3219417635704349,0.2291105979366849,16.333333333333332,0.0734429504921307,0.0,0.0,0.0,,,,0.0,True,0.8120585075036476,OVER,LOSS,-1.0
849844,2026-10-02 00:00:00+00:00,PHI,ATL,PHI,ATL,0,650559,Bryan De La Cruz,batter,confirmed,6.0,,,,,,,,,,,,,,,,,Truist Park,76.9,66.0,4.5,0.0,0.0,0.0,1.0,batter_total_bases,Batter total bases,1.345478215023423,PHI,ATL,bryan de la cruz,0.5,-122.0,-106.0,BetOnline.ag,BetOnline.ag,0.5164392569455861,0.483560743054414,0.5,0.5889110889110889,0.4110889110889111,-143,143,0.0724718319655027,-0.0724718319655028,0.0716250962152601,-0.2010913614687199,OVER VALUE,0.1778221778221778,0.6,0.9333333333333332,0.0666666666666666,3.6,0.1833333333333333,0.2888888888888888,0.0222222222222222,0.1988888888888889,0.1055555555555555,0.2990868222222221,0.1877248677248677,0.0133333333333333,0.0,0.3509277272727272,0.1818181818181818,9.0,0.0716250962152601,1.0,1.0,0.0,,,,1.0,True,0.345478215023423,OVER,WIN,0.819672131147541
849844,2026-10-02 00:00:00+00:00,PHI,ATL,ATL,PHI,1,573262,Mike Yastrzemski,batter,confirmed,6.0,,,,,,,,,,,,,,,,,Truist Park,76.9,66.0,4.5,0.0,0.0,0.0,1.0,batter_total_bases,Batter total bases,1.295430238942642,PHI,ATL,mike yastrzemski,0.5,-125.0,100.0,BetOnline.ag,BetMGM,0.5263157894736842,0.4736842105263157,0.5,0.5874125874125874,0.4125874125874126,-142,142,0.0610967979389032,-0.0610967979389031,0.0573426573426573,-0.1748251748251748,OVER VALUE,0.1748251748251748,0.8,1.2666666666666666,0.1333333333333333,3.933333333333333,0.19,0.3033333333333333,0.0333333333333333,0.2377777777777777,0.0633333333333333,0.2635381522222222,0.2033333333333333,0.0333333333333333,0.2368523022870849,0.3219417635704349,0.2291105979366849,16.333333333333332,0.0573426573426573,0.0,0.0,0.0,,,,0.0,True,1.295430238942642,OVER,LOSS,-1.0
849844,2026-10-02 00:00:00+00:00,PHI,ATL,PHI,ATL,0,681082,Bryson Stott,batter,confirmed,5.0,,,,,,,,,,,,,,,,,Truist Park,76.9,66.0,4.5,0.0,0.0,0.0,1.0,batter_hits,Batter hits,0.9889959205528888,PHI,ATL,bryson stott,0.5,-190.0,157.0,BetRivers,BetOnline.ag,0.62739303610433,0.3726069638956701,0.5,0.5899100899100899,0.4100899100899101,-144,144,-0.03748294619424,0.03748294619424,-0.0996109154003891,0.053931068931069,UNDER VALUE,0.1798201798201797,1.2,1.8,0.0,4.266666666666667,0.2866666666666667,0.4333333333333333,0.0,0.1266666666666666,0.1233333333333333,0.3529969233333333,0.2406349206349206,0.0222222222222222,0.0,0.3509277272727272,0.1818181818181818,9.0,0.053931068931069,0.0,0.0,0.0,,,,0.0,True,0.9889959205528888,UNDER,WIN,1.57
849844,2026-10-02 00:00:00+00:00,PHI,ATL,ATL,PHI,1,621566,Matt Olson,batter,confirmed,3.0,,,,,,,,,,,,,,,,,Truist Park,76.9,66.0,4.5,0.0,0.0,0.0,1.0,batter_total_bases,Batter total bases,1.6539731003626006,PHI,ATL,matt olson,1.5,134.0,-165.0,BetOnline.ag,BetMGM,0.4070035324834895,0.5929964675165106,1.5,0.3611388611388611,0.6388611388611389,177,-177,-0.0458646713446284,0.0458646713446283,-0.1549350649350649,0.0260497078678897,UNDER VALUE,0.2777222777222777,1.0666666666666669,1.7333333333333334,0.2,4.133333333333334,0.24,0.3866666666666667,0.0433333333333333,0.2233333333333333,0.0388888888888888,0.3008493333333333,0.3497619047619048,0.0479365079365079,0.2368523022870849,0.3219417635704349,0.2291105979366849,16.333333333333332,0.0260497078678897,1.0,4.0,1.0,,,,4.0,True,2.3460268996373994,UNDER,LOSS,-1.0
849844,2026-10-02 00:00:00+00:00,PHI,ATL,ATL,PHI,1,621566,Matt Olson,batter,confirmed,3.0,,,,,,,,,,,,,,,,,Truist Park,76.9,66.0,4.5,0.0,0.0,0.0,1.0,batter_hits,Batter hits,0.960073423759156,PHI,ATL,matt olson,0.5,-192.0,150.0,BetOnline.ag,BetMGM,0.6217616580310881,0.378238341968912,0.5,0.5899100899100899,0.4100899100899101,-144,144,-0.0318515681209982,0.0318515681209981,-0.1028450715950716,0.0252247752247752,UNDER VALUE,0.1798201798201797,1.0666666666666669,1.7333333333333334,0.2,4.133333333333334,0.24,0.3866666666666667,0.0433333333333333,0.2233333333333333,0.0388888888888888,0.3008493333333333,0.3497619047619048,0.0479365079365079,0.2368523022870849,0.3219417635704349,0.2291105979366849,16.333333333333332,0.0252247752247752,1.0,4.0,1.0,,,,1.0,True,0.03992657624084395,UNDER,LOSS,-1.0
849844,2026-10-02 00:00:00+00:00,PHI,ATL,PHI,ATL,0,607208,Trea Turner,batter,confirmed,1.0,,,,,,,,,,,,,,,,,Truist Park,76.9,66.0,4.5,0.0,0.0,0.0,1.0,batter_total_bases,Batter total bases,1.773861111013023,PHI,ATL,trea turner,1.5,120.0,-149.0,BetMGM,BetOnline.ag,0.4316920943134535,0.5683079056865465,1.5,0.3881118881118881,0.6118881118881119,158,-158,-0.0435802062015654,0.0435802062015653,-0.1461538461538461,0.0225512742291265,UNDER VALUE,0.2237762237762237,1.0,1.2,0.0,4.6,0.2133333333333333,0.2533333333333333,0.0,0.1733333333333333,0.1066666666666666,0.3075724066666666,0.3258585858585858,0.0,0.0,0.3509277272727272,0.1818181818181818,9.0,0.0225512742291265,0.0,0.0,0.0,,,,0.0,True,1.773861111013023,UNDER,WIN,0.6711409395973155
849844,2026-10-02 00:00:00+00:00,PHI,ATL,ATL,PHI,1,645277,Ozzie Albies,batter,confirmed,8.0,,,,,,,,,,,,,,,,,Truist Park,76.9,66.0,4.5,0.0,0.0,0.0,1.0,batter_hits,Batter hits,0.7784408165181131,PHI,ATL,ozzie albies,0.5,-137.0,106.0,BetOnline.ag,BetOnline.ag,0.5435460883633142,0.4564539116366858,0.5,0.5899100899100899,0.4100899100899101,-144,144,0.0463640015467756,-0.0463640015467756,0.0205013964138051,-0.1552147852147851,OVER VALUE,0.1798201798201797,0.5333333333333333,0.8666666666666667,0.0666666666666666,4.0,0.1266666666666666,0.21,0.0166666666666666,0.2288888888888889,0.0633333333333333,0.1934868111111111,0.2618037518037518,0.0277777777777777,0.2368523022870849,0.3219417635704349,0.2291105979366849,16.333333333333332,0.0205013964138051,1.0,4.0,1.0,,,,1.0,True,0.22155918348188686,OVER,WIN,0.7299270072992701
849844,2026-10-02 00:00:00+00:00,PHI,ATL,ATL,PHI,1,678061,Ray Kerr,pitcher,probable starter,,0.0,9.0,2.0,32.0,11.0,0.0,0.0555555555555555,0.15625,0.3509277272727272,0.1818181818181818,0.0909090909090909,90.95625,0.1793478260869565,7.4,11.733333333333333,36.8,Truist Park,76.9,66.0,4.5,0.0,0.0,0.0,1.0,pitcher_hits_allowed,Pitcher hits allowed,3.270658819555051,,,,,,,,,,,3.5,0.3835263835263835,0.6164736164736164,161,-161,,,,,UNDER LEAN,0.2329472329472329,,,,,,,,,,,,,,,,,,,,,2.0,10.0,1.0,1.0,True,2.270658819555051,UNDER,WIN,
849844,2026-10-02 00:00:00+00:00,PHI,ATL,ATL,PHI,1,643289,Mauricio Dubón,batter,confirmed,5.0,,,,,,,,,,,,,,,,,Truist Park,76.9,66.0,4.5,0.0,0.0,0.0,1.0,batter_home_runs,Batter home runs,0.1189074133645679,PHI,ATL,mauricio dubon,0.5,1500.0,,BetRivers,,,,0.5,0.1121099962954788,0.8878900037045212,792,-792,,,0.7937599407276608,,PASS,0.7757800074090424,1.5333333333333334,2.1333333333333333,0.0666666666666666,4.333333333333333,0.3433333333333334,0.4900000000000001,0.0166666666666666,0.14,0.0599999999999999,0.3151122755555556,0.1654497354497354,0.03,0.2368523022870849,0.3219417635704349,0.2291105979366849,16.333333333333332,0.7937599407276608,0.0,0.0,0.0,,,,0.0,True,0.1189074133645679,,NO PICK,
849844,2026-10-02 00:00:00+00:00,PHI,ATL,PHI,ATL,0,702222,Justin Crawford,batter,confirmed,9.0,,,,,,,,,,,,,,,,,Truist Park,76.9,66.0,4.5,0.0,0.0,0.0,1.0,batter_home_runs,Batter home runs,0.0971431534944256,PHI,ATL,justin crawford,0.5,1400.0,,BetRivers,,,,0.5,0.0925739043815983,0.9074260956184016,980,-980,,,0.3886085657239744,,PASS,0.8148521912368034,0.8,1.2,0.0666666666666666,3.4,0.2333333333333333,0.3499999999999999,0.0222222222222222,0.1888888888888888,0.0333333333333333,0.3138369166666667,0.2786507936507936,0.0539682539682539,0.0,0.3509277272727272,0.1818181818181818,9.0,0.3886085657239744,0.0,0.0,0.0,,,,0.0,True,0.0971431534944256,,NO PICK,
849844,2026-10-02 00:00:00+00:00,PHI,ATL,PHI,ATL,0,664761,Alec Bohm,batter,confirmed,4.0,,,,,,,,,,,,,,,,,Truist Park,76.9,66.0,4.5,0.0,0.0,0.0,1.0,batter_home_runs,Batter home runs,0.1451443932196735,PHI,ATL,alec bohm,0.5,750.0,,BetRivers,,,,0.5,0.1351026012260856,0.8648973987739144,640,-640,,,0.1483721104217279,,PASS,0.7297947975478287,1.0666666666666669,1.4666666666666666,0.0666666666666666,4.266666666666667,0.24,0.3266666666666667,0.0133333333333333,0.0666666666666666,0.1366666666666667,0.3680050933333333,0.3535978835978836,0.0639682539682539,0.0,0.3509277272727272,0.1818181818181818,9.0,0.1483721104217279,1.0,1.0,0.0,,,,0.0,True,0.1451443932196735,,NO PICK,
849844,2026-10-02 00:00:00+00:00,PHI,ATL,ATL,PHI,1,678061,Ray Kerr,pitcher,probable starter,,0.0,9.0,2.0,32.0,11.0,0.0,0.0555555555555555,0.15625,0.3509277272727272,0.1818181818181818,0.0909090909090909,90.95625,0.1793478260869565,7.4,11.733333333333333,36.8,Truist Park,76.9,66.0,4.5,0.0,0.0,0.0,1.0,pitcher_outs,Pitcher outs,9.363815012305489,,,,,,,,,,,9.5,0.435006435006435,0.564993564993565,130,-130,,,,,PASS,0.12998712998713,,,,,,,,,,,,,,,,,,,,,2.0,10.0,1.0,10.0,True,0.6361849876945112,,NO PICK,
849844,2026-10-02 00:00:00+00:00,PHI,ATL,PHI,ATL,0,681082,Bryson Stott,batter,confirmed,5.0,,,,,,,,,,,,,,,,,Truist Park,76.9,66.0,4.5,0.0,0.0,0.0,1.0,batter_home_runs,Batter home runs,0.1256126872754622,PHI,ATL,bryson stott,0.5,850.0,,BetRivers,,,,0.5,0.1180436264337183,0.8819563735662816,747,-747,,,0.1214144511203243,,PASS,0.7639127471325633,1.2,1.8,0.0,4.266666666666667,0.2866666666666667,0.4333333333333333,0.0,0.1266666666666666,0.1233333333333333,0.3529969233333333,0.2406349206349206,0.0222222222222222,0.0,0.3509277272727272,0.1818181818181818,9.0,0.1214144511203243,0.0,0.0,0.0,,,,0.0,True,0.1256126872754622,,NO PICK,
849844,2026-10-02 00:00:00+00:00,PHI,ATL,ATL,PHI,1,642086,Dominic Smith,batter,confirmed,9.0,,,,,,,,,,,,,,,,,Truist Park,76.9,66.0,4.5,0.0,0.0,0.0,1.0,batter_home_runs,Batter home runs,0.0847040361555951,PHI,ATL,dominic smith,0.5,1200.0,,BetRivers,,,,0.5,0.0812158289393922,0.9187841710606076,1131,-1131,,,0.0558057762120995,,PASS,0.8375683421212154,0.6666666666666666,1.2666666666666666,0.2,3.1333333333333333,0.1844444444444444,0.3511111111111111,0.0555555555555555,0.2166666666666666,0.0722222222222222,0.2481545944444444,0.1544444444444444,0.0555555555555555,0.2368523022870849,0.3219417635704349,0.2291105979366849,16.333333333333332,0.0558057762120995,2.0,2.0,0.0,,,,0.0,True,0.0847040361555951,,NO PICK,
849844,2026-10-02 00:00:00+00:00,PHI,ATL,ATL,PHI,1,671739,Michael Harris II,batter,confirmed,4.0,,,,,,,,,,,,,,,,,Truist Park,76.9,66.0,4.5,0.0,0.0,0.0,1.0,batter_total_bases,Batter total bases,1.5919054280963074,PHI,ATL,michael harris ii,1.5,135.0,-175.0,Bovada,BetMGM,0.4007285974499089,0.599271402550091,1.5,0.3516483516483517,0.6483516483516483,184,-184,-0.0490802458015572,0.0490802458015572,-0.1736263736263734,0.0188383045525901,PASS,0.2967032967032966,1.7333333333333334,2.4,0.1333333333333333,4.333333333333333,0.3733333333333333,0.51,0.0266666666666666,0.1222222222222222,0.0333333333333333,0.3674117777777778,0.2949013949013948,0.0577777777777777,0.2368523022870849,0.3219417635704349,0.2291105979366849,16.333333333333332,0.0188383045525901,1.0,4.0,1.0,,,,4.0,True,2.4080945719036926,,NO PICK,
849844,2026-10-02 00:00:00+00:00,PHI,ATL,ATL,PHI,1,660670,Ronald Acuña Jr.,batter,confirmed,2.0,,,,,,,,,,,,,,,,,Truist Park,76.9,66.0,4.5,0.0,0.0,0.0,1.0,batter_total_bases,Batter total bases,1.7119041799068326,PHI,ATL,ronald acuna jr,1.5,125.0,-160.0,BetMGM,Bovada,0.4193548387096774,0.5806451612903226,1.5,0.3741258741258741,0.6258741258741258,167,-167,-0.0452289645838032,0.0452289645838032,-0.1582167832167831,0.0170454545454544,PASS,0.2517482517482518,1.0,1.9333333333333331,0.2666666666666666,4.4,0.22,0.42,0.0566666666666666,0.1733333333333333,0.1,0.3826676766666666,0.2278042328042328,0.0874603174603174,0.2368523022870849,0.3219417635704349,0.2291105979366849,16.333333333333332,0.0170454545454544,1.0,1.0,0.0,,,,1.0,True,0.7119041799068326,,NO PICK,
849844,2026-10-02 00:00:00+00:00,PHI,ATL,PHI,ATL,0,624641,Edmundo Sosa,batter,confirmed,7.0,,,,,,,,,,,,,,,,,Truist Park,76.9,66.0,4.5,0.0,0.0,0.0,1.0,batter_home_runs,Batter home runs,0.1193755992529763,PHI,ATL,edmundo sosa,0.5,800.0,,BetRivers,,,,0.5,0.1125255965689889,0.887474403431011,789,-789,,,0.0127303691209007,,PASS,0.774948806862022,1.2666666666666666,2.4,0.2,3.6,0.3633333333333333,0.7022222222222222,0.0611111111111111,0.2166666666666666,0.0133333333333333,0.3145466033333333,0.2879365079365079,0.0666666666666666,0.0,0.3509277272727272,0.1818181818181818,9.0,0.0127303691209007,0.0,0.0,0.0,,,,0.0,True,0.1193755992529763,,NO PICK,
849844,2026-10-02 00:00:00+00:00,PHI,ATL,ATL,PHI,1,686948,Drake Baldwin,batter,confirmed,1.0,,,,,,,,,,,,,,,,,Truist Park,76.9,66.0,4.5,0.0,0.0,0.0,1.0,batter_total_bases,Batter total bases,1.7652602092439933,PHI,ATL,drake baldwin,1.5,125.0,-155.0,Bovada,BetMGM,0.422360248447205,0.5776397515527951,1.5,0.3846153846153846,0.6153846153846154,160,-160,-0.0377448638318204,0.0377448638318203,-0.1346153846153846,0.0124069478908189,PASS,0.2307692307692307,1.4,2.1333333333333333,0.1333333333333333,4.666666666666667,0.2933333333333333,0.44,0.0266666666666666,0.2233333333333333,0.06,0.3672013600000001,0.2824338624338624,0.0605291005291005,0.2368523022870849,0.3219417635704349,0.2291105979366849,16.333333333333332,0.0124069478908189,0.0,0.0,0.0,,,,0.0,True,1.7652602092439933,,NO PICK,
849844,2026-10-02 00:00:00+00:00,PHI,ATL,PHI,ATL,0,702222,Justin Crawford,batter,confirmed,9.0,,,,,,,,,,,,,,,,,Truist Park,76.9,66.0,4.5,0.0,0.0,0.0,1.0,batter_hits,Batter hits,0.7954107574577206,PHI,ATL,justin crawford,0.5,-141.0,115.0,BetRivers,BetMGM,0.5571074152347698,0.4428925847652301,0.5,0.5899100899100899,0.4100899100899101,-144,144,0.03280267467532,-0.03280267467532,0.0082860402009337,-0.1183066933066932,PASS,0.1798201798201797,0.8,1.2,0.0666666666666666,3.4,0.2333333333333333,0.3499999999999999,0.0222222222222222,0.1888888888888888,0.0333333333333333,0.3138369166666667,0.2786507936507936,0.0539682539682539,0.0,0.3509277272727272,0.1818181818181818,9.0,0.0082860402009337,0.0,0.0,0.0,,,,0.0,True,0.7954107574577206,,NO PICK,
849844,2026-10-02 00:00:00+00:00,PHI,ATL,ATL,PHI,1,671739,Michael Harris II,batter,confirmed,4.0,,,,,,,,,,,,,,,,,Truist Park,76.9,66.0,4.5,0.0,0.0,0.0,1.0,batter_home_runs,Batter home runs,0.1344336915935969,PHI,ATL,michael harris ii,0.5,700.0,,BetRivers,,,,0.5,0.1257891555172946,0.8742108444827054,695,-695,,,0.006313244138357,,PASS,0.7484216889654107,1.7333333333333334,2.4,0.1333333333333333,4.333333333333333,0.3733333333333333,0.51,0.0266666666666666,0.1222222222222222,0.0333333333333333,0.3674117777777778,0.2949013949013948,0.0577777777777777,0.2368523022870849,0.3219417635704349,0.2291105979366849,16.333333333333332,0.006313244138357,1.0,4.0,1.0,,,,1.0,True,0.8655663084064031,,NO PICK,
849844,2026-10-02 00:00:00+00:00,PHI,ATL,ATL,PHI,1,645277,Ozzie Albies,batter,confirmed,8.0,,,,,,,,,,,,,,,,,Truist Park,76.9,66.0,4.5,0.0,0.0,0.0,1.0,batter_total_bases,Batter total bases,1.2404063609446534,PHI,ATL,ozzie albies,0.5,-140.0,110.0,BetMGM,BetOnline.ag,0.550561797752809,0.449438202247191,0.5,0.586913086913087,0.413086913086913,-142,142,0.0363512891602779,-0.0363512891602779,0.0061367204224347,-0.1325174825174825,PASS,0.1738261738261739,0.5333333333333333,0.8666666666666667,0.0666666666666666,4.0,0.1266666666666666,0.21,0.0166666666666666,0.2288888888888889,0.0633333333333333,0.1934868111111111,0.2618037518037518,0.0277777777777777,0.2368523022870849,0.3219417635704349,0.2291105979366849,16.333333333333332,0.0061367204224347,1.0,4.0,1.0,,,,4.0,True,2.7595936390553466,,NO PICK,
849844,2026-10-02 00:00:00+00:00,PHI,ATL,PHI,ATL,0,547180,Bryce Harper,batter,confirmed,3.0,,,,,,,,,,,,,,,,,Truist Park,76.9,66.0,4.5,0.0,0.0,0.0,1.0,batter_total_bases,Batter total bases,1.7496145862192751,PHI,ATL,bryce harper,1.5,140.0,-161.0,Bovada,BetOnline.ag,0.4031510658016682,0.5968489341983318,1.5,0.3806193806193806,0.6193806193806194,163,-163,-0.0225316851822876,0.0225316851822875,-0.0865134865134865,0.00408907862324,PASS,0.2387612387612387,1.0,1.6,0.1333333333333333,4.533333333333333,0.21,0.33,0.0266666666666666,0.2266666666666666,0.0766666666666666,0.2745647433333333,0.1568253968253968,0.0295238095238095,0.0,0.3509277272727272,0.1818181818181818,9.0,0.00408907862324,1.0,2.0,0.0,,,,2.0,True,0.2503854137807249,,NO PICK,
849844,2026-10-02 00:00:00+00:00,PHI,ATL,ATL,PHI,1,686948,Drake Baldwin,batter,confirmed,1.0,,,,,,,,,,,,,,,,,Truist Park,76.9,66.0,4.5,0.0,0.0,0.0,1.0,batter_home_runs,Batter home runs,0.1530207435354618,PHI,ATL,drake baldwin,0.5,600.0,,BetRivers,,,,0.5,0.1418880786482985,0.8581119213517014,605,-605,,,-0.0067834494619101,,PASS,0.7162238427034029,1.4,2.1333333333333333,0.1333333333333333,4.666666666666667,0.2933333333333333,0.44,0.0266666666666666,0.2233333333333333,0.06,0.3672013600000001,0.2824338624338624,0.0605291005291005,0.2368523022870849,0.3219417635704349,0.2291105979366849,16.333333333333332,-0.0067834494619101,0.0,0.0,0.0,,,,0.0,True,0.1530207435354618,,NO PICK,
849844,2026-10-02 00:00:00+00:00,PHI,ATL,ATL,PHI,1,645277,Ozzie Albies,batter,confirmed,8.0,,,,,,,,,,,,,,,,,Truist Park,76.9,66.0,4.5,0.0,0.0,0.0,1.0,batter_home_runs,Batter home runs,0.0993216835117673,PHI,ATL,ozzie albies,0.5,950.0,,BetRivers,,,,0.5,0.0945486076132955,0.9054513923867044,958,-958,,,-0.0072396200603969,,PASS,0.8109027847734089,0.5333333333333333,0.8666666666666667,0.0666666666666666,4.0,0.1266666666666666,0.21,0.0166666666666666,0.2288888888888889,0.0633333333333333,0.1934868111111111,0.2618037518037518,0.0277777777777777,0.2368523022870849,0.3219417635704349,0.2291105979366849,16.333333333333332,-0.0072396200603969,1.0,4.0,1.0,,,,1.0,True,0.9006783164882327,,NO PICK,
849844,2026-10-02 00:00:00+00:00,PHI,ATL,ATL,PHI,1,663586,Austin Riley,batter,confirmed,7.0,,,,,,,,,,,,,,,,,Truist Park,76.9,66.0,4.5,0.0,0.0,0.0,1.0,batter_hits,Batter hits,0.786979759574858,PHI,ATL,austin riley,0.5,-148.0,115.0,BetRivers,BetOnline.ag,0.5619922288943836,0.4380077711056163,0.5,0.5899100899100899,0.4100899100899101,-144,144,0.0279178610157062,-0.0279178610157062,-0.0115020115020115,-0.1183066933066932,PASS,0.1798201798201797,0.6666666666666666,1.2666666666666666,0.2,4.066666666666666,0.1633333333333333,0.3133333333333333,0.05,0.3144444444444444,0.0966666666666666,0.3245669333333333,0.2293121693121693,0.0888888888888888,0.2368523022870849,0.3219417635704349,0.2291105979366849,16.333333333333332,-0.0115020115020115,0.0,0.0,0.0,,,,0.0,True,0.786979759574858,,NO PICK,
849844,2026-10-02 00:00:00+00:00,PHI,ATL,PHI,ATL,0,664761,Alec Bohm,batter,confirmed,4.0,,,,,,,,,,,,,,,,,Truist Park,76.9,66.0,4.5,0.0,0.0,0.0,1.0,batter_total_bases,Batter total bases,1.6972961952322008,PHI,ATL,alec bohm,1.5,145.0,-176.0,Bovada,MyBookie.ag,0.3902714932126697,0.6097285067873303,1.5,0.3701298701298701,0.6298701298701299,170,-170,-0.0201416230827995,0.0201416230827996,-0.0931818181818182,-0.0122491145218416,PASS,0.2597402597402597,1.0666666666666669,1.4666666666666666,0.0666666666666666,4.266666666666667,0.24,0.3266666666666667,0.0133333333333333,0.0666666666666666,0.1366666666666667,0.3680050933333333,0.3535978835978836,0.0639682539682539,0.0,0.3509277272727272,0.1818181818181818,9.0,-0.0122491145218416,1.0,1.0,0.0,,,,1.0,True,0.6972961952322008,,NO PICK,
849844,2026-10-02 00:00:00+00:00,PHI,ATL,PHI,ATL,0,624641,Edmundo Sosa,batter,confirmed,7.0,,,,,,,,,,,,,,,,,Truist Park,76.9,66.0,4.5,0.0,0.0,0.0,1.0,batter_hits,Batter hits,0.8546762935049812,PHI,ATL,edmundo sosa,0.5,-151.0,130.0,DraftKings,BetMGM,0.5804780210596691,0.4195219789403309,0.5,0.5899100899100899,0.4100899100899101,-144,144,0.0094320688504208,-0.0094320688504207,-0.0194209763746188,-0.0567932067932066,PASS,0.1798201798201797,1.2666666666666666,2.4,0.2,3.6,0.3633333333333333,0.7022222222222222,0.0611111111111111,0.2166666666666666,0.0133333333333333,0.3145466033333333,0.2879365079365079,0.0666666666666666,0.0,0.3509277272727272,0.1818181818181818,9.0,-0.0194209763746188,0.0,0.0,0.0,,,,0.0,True,0.8546762935049812,,NO PICK,
849844,2026-10-02 00:00:00+00:00,PHI,ATL,ATL,PHI,1,663586,Austin Riley,batter,confirmed,7.0,,,,,,,,,,,,,,,,,Truist Park,76.9,66.0,4.5,0.0,0.0,0.0,1.0,batter_total_bases,Batter total bases,1.3053714368070048,PHI,ATL,austin riley,0.5,-150.0,118.0,BetMGM,BetOnline.ag,0.5667244367417678,0.4332755632582322,0.5,0.5879120879120879,0.412087912087912,-143,143,0.0211876511703201,-0.0211876511703201,-0.0201465201465201,-0.1016483516483517,PASS,0.1758241758241758,0.6666666666666666,1.2666666666666666,0.2,4.066666666666666,0.1633333333333333,0.3133333333333333,0.05,0.3144444444444444,0.0966666666666666,0.3245669333333333,0.2293121693121693,0.0888888888888888,0.2368523022870849,0.3219417635704349,0.2291105979366849,16.333333333333332,-0.0201465201465201,0.0,0.0,0.0,,,,0.0,True,1.3053714368070048,,NO PICK,
849844,2026-10-02 00:00:00+00:00,PHI,ATL,PHI,ATL,0,681082,Bryson Stott,batter,confirmed,5.0,,,,,,,,,,,,,,,,,Truist Park,76.9,66.0,4.5,0.0,0.0,0.0,1.0,batter_total_bases,Batter total bases,1.5699796966480886,PHI,ATL,bryson stott,1.5,155.0,-199.0,BetMGM,MyBookie.ag,0.3707607415214831,0.629239258478517,1.5,0.3486513486513486,0.6513486513486513,187,-187,-0.0221093928701344,0.0221093928701342,-0.1109390609390608,-0.0213404685766496,PASS,0.3026973026973026,1.2,1.8,0.0,4.266666666666667,0.2866666666666667,0.4333333333333333,0.0,0.1266666666666666,0.1233333333333333,0.3529969233333333,0.2406349206349206,0.0222222222222222,0.0,0.3509277272727272,0.1818181818181818,9.0,-0.0213404685766496,0.0,0.0,0.0,,,,0.0,True,1.5699796966480886,,NO PICK,
849844,2026-10-02 00:00:00+00:00,PHI,ATL,PHI,ATL,0,702222,Justin Crawford,batter,confirmed,9.0,,,,,,,,,,,,,,,,,Truist Park,76.9,66.0,4.5,0.0,0.0,0.0,1.0,batter_total_bases,Batter total bases,1.2361129836997318,PHI,ATL,justin crawford,0.5,-152.0,117.0,BetOnline.ag,BetOnline.ag,0.5668912415784408,0.4331087584215592,0.5,0.586913086913087,0.413086913086913,-142,142,0.0200218453346461,-0.0200218453346462,-0.02695988222304,-0.1036013986013987,PASS,0.1738261738261739,0.8,1.2,0.0666666666666666,3.4,0.2333333333333333,0.3499999999999999,0.0222222222222222,0.1888888888888888,0.0333333333333333,0.3138369166666667,0.2786507936507936,0.0539682539682539,0.0,0.3509277272727272,0.1818181818181818,9.0,-0.02695988222304,0.0,0.0,0.0,,,,0.0,True,1.2361129836997318,,NO PICK,
849844,2026-10-02 00:00:00+00:00,PHI,ATL,PHI,ATL,0,624641,Edmundo Sosa,batter,confirmed,7.0,,,,,,,,,,,,,,,,,Truist Park,76.9,66.0,4.5,0.0,0.0,0.0,1.0,batter_total_bases,Batter total bases,1.3877000231788923,PHI,ATL,edmundo sosa,0.5,-154.0,130.0,BetOnline.ag,BetMGM,0.5823742190069057,0.4176257809930944,0.5,0.5899100899100899,0.4100899100899101,-144,144,0.0075358709031841,-0.0075358709031842,-0.0270314101482933,-0.0567932067932066,PASS,0.1798201798201797,1.2666666666666666,2.4,0.2,3.6,0.3633333333333333,0.7022222222222222,0.0611111111111111,0.2166666666666666,0.0133333333333333,0.3145466033333333,0.2879365079365079,0.0666666666666666,0.0,0.3509277272727272,0.1818181818181818,9.0,-0.0270314101482933,0.0,0.0,0.0,,,,0.0,True,1.3877000231788923,,NO PICK,
849844,2026-10-02 00:00:00+00:00,PHI,ATL,ATL,PHI,1,643289,Mauricio Dubón,batter,confirmed,5.0,,,,,,,,,,,,,,,,,Truist Park,76.9,66.0,4.5,0.0,0.0,0.0,1.0,batter_total_bases,Batter total bases,1.5099592978831775,PHI,ATL,mauricio dubon,1.5,158.0,-208.0,BetOnline.ag,BetOnline.ag,0.3646523962871756,0.6353476037128244,1.5,0.3436563436563437,0.6563436563436563,191,-191,-0.0209960526308319,0.0209960526308319,-0.1133666333666333,-0.0281065088757396,PASS,0.3126873126873126,1.5333333333333334,2.1333333333333333,0.0666666666666666,4.333333333333333,0.3433333333333334,0.4900000000000001,0.0166666666666666,0.14,0.0599999999999999,0.3151122755555556,0.1654497354497354,0.03,0.2368523022870849,0.3219417635704349,0.2291105979366849,16.333333333333332,-0.0281065088757396,0.0,0.0,0.0,,,,0.0,True,1.5099592978831775,,NO PICK,
849844,2026-10-02 00:00:00+00:00,PHI,ATL,PHI,ATL,0,656941,Kyle Schwarber,batter,confirmed,2.0,,,,,,,,,,,,,,,,,Truist Park,76.9,66.0,4.5,0.0,0.0,0.0,1.0,batter_total_bases,Batter total bases,1.8350578934695976,PHI,ATL,kyle schwarber,1.5,139.0,-182.0,BetOnline.ag,BetOnline.ag,0.3933164104995955,0.6066835895004045,1.5,0.4045954045954046,0.5954045954045954,147,-147,0.0112789940958091,-0.011278994095809,-0.033016983016983,-0.0774500225049674,PASS,0.1908091908091908,0.6666666666666666,1.2666666666666666,0.1333333333333333,4.6,0.1466666666666666,0.28,0.03,0.1966666666666666,0.2133333333333333,0.3755168433333333,0.3161976911976911,0.025,0.0,0.3509277272727272,0.1818181818181818,9.0,-0.033016983016983,2.0,2.0,0.0,,,,2.0,True,0.16494210653040242,,NO PICK,
849844,2026-10-02 00:00:00+00:00,PHI,ATL,PHI,ATL,0,656941,Kyle Schwarber,batter,confirmed,2.0,,,,,,,,,,,,,,,,,Truist Park,76.9,66.0,4.5,0.0,0.0,0.0,1.0,batter_hits,Batter hits,1.04820967093983,PHI,ATL,kyle schwarber,0.5,-158.0,125.0,DraftKings,BetMGM,0.5794621026894865,0.4205378973105134,0.5,0.5899100899100899,0.4100899100899101,-144,144,0.0104479872206033,-0.0104479872206033,-0.036729093691119,-0.0772977022977021,PASS,0.1798201798201797,0.6666666666666666,1.2666666666666666,0.1333333333333333,4.6,0.1466666666666666,0.28,0.03,0.1966666666666666,0.2133333333333333,0.3755168433333333,0.3161976911976911,0.025,0.0,0.3509277272727272,0.1818181818181818,9.0,-0.036729093691119,2.0,2.0,0.0,,,,2.0,True,0.9517903290601699,,NO PICK,
849844,2026-10-02 00:00:00+00:00,PHI,ATL,PHI,ATL,0,592663,J.T. Realmuto,batter,confirmed,8.0,,,,,,,,,,,,,,,,,Truist Park,76.9,66.0,4.5,0.0,0.0,0.0,1.0,batter_hits,Batter hits,0.8338648978437913,PHI,ATL,j t realmuto,0.5,-169.0,133.0,DraftKings,BetOnline.ag,0.5941276762677853,0.4058723237322148,0.5,0.5899100899100899,0.4100899100899101,-144,144,-0.0042175863576954,0.0042175863576953,-0.0610306852910403,-0.0444905094905093,PASS,0.1798201798201797,0.5333333333333333,1.0,0.0666666666666666,3.733333333333333,0.1622222222222222,0.2766666666666666,0.0133333333333333,0.2288888888888889,0.08,0.2892518422222222,0.2492063492063492,0.0323809523809523,0.0,0.3509277272727272,0.1818181818181818,9.0,-0.0444905094905093,0.0,0.0,0.0,,,,0.0,True,0.8338648978437913,,NO PICK,
849844,2026-10-02 00:00:00+00:00,PHI,ATL,ATL,PHI,1,573262,Mike Yastrzemski,batter,confirmed,6.0,,,,,,,,,,,,,,,,,Truist Park,76.9,66.0,4.5,0.0,0.0,0.0,1.0,batter_home_runs,Batter home runs,0.1047586599232067,PHI,ATL,mike yastrzemski,0.5,850.0,,BetRivers,,,,0.5,0.0994581668024895,0.9005418331975105,905,-905,,,-0.0551474153763494,,PASS,0.8010836663950209,0.8,1.2666666666666666,0.1333333333333333,3.933333333333333,0.19,0.3033333333333333,0.0333333333333333,0.2377777777777777,0.0633333333333333,0.2635381522222222,0.2033333333333333,0.0333333333333333,0.2368523022870849,0.3219417635704349,0.2291105979366849,16.333333333333332,-0.0551474153763494,0.0,0.0,0.0,,,,0.0,True,0.1047586599232067,,NO PICK,
849844,2026-10-02 00:00:00+00:00,PHI,ATL,PHI,ATL,0,592663,J.T. Realmuto,batter,confirmed,8.0,,,,,,,,,,,,,,,,,Truist Park,76.9,66.0,4.5,0.0,0.0,0.0,1.0,batter_total_bases,Batter total bases,1.3657483561730523,PHI,ATL,j t realmuto,0.5,-169.0,130.0,BetOnline.ag,BetMGM,0.5909989356849628,0.4090010643150372,0.5,0.5894105894105894,0.4105894105894105,-144,144,-0.0015883462743733,0.0015883462743733,-0.0618257482162807,-0.0556443556443556,PASS,0.1788211788211788,0.5333333333333333,1.0,0.0666666666666666,3.733333333333333,0.1622222222222222,0.2766666666666666,0.0133333333333333,0.2288888888888889,0.08,0.2892518422222222,0.2492063492063492,0.0323809523809523,0.0,0.3509277272727272,0.1818181818181818,9.0,-0.0556443556443556,0.0,0.0,0.0,,,,0.0,True,1.3657483561730523,,NO PICK,
849844,2026-10-02 00:00:00+00:00,PHI,ATL,PHI,ATL,0,650559,Bryan De La Cruz,batter,confirmed,6.0,,,,,,,,,,,,,,,,,Truist Park,76.9,66.0,4.5,0.0,0.0,0.0,1.0,batter_home_runs,Batter home runs,0.1062031174298077,PHI,ATL,bryan de la cruz,0.5,800.0,,BetRivers,,,,0.5,0.1007580221945129,0.8992419778054871,892,-892,,,-0.0931778002493838,,PASS,0.7984839556109742,0.6,0.9333333333333332,0.0666666666666666,3.6,0.1833333333333333,0.2888888888888888,0.0222222222222222,0.1988888888888889,0.1055555555555555,0.2990868222222221,0.1877248677248677,0.0133333333333333,0.0,0.3509277272727272,0.1818181818181818,9.0,-0.0931778002493838,1.0,1.0,0.0,,,,0.0,True,0.1062031174298077,,NO PICK,
849844,2026-10-02 00:00:00+00:00,PHI,ATL,PHI,ATL,0,607208,Trea Turner,batter,confirmed,1.0,,,,,,,,,,,,,,,,,Truist Park,76.9,66.0,4.5,0.0,0.0,0.0,1.0,batter_home_runs,Batter home runs,0.1284864209530875,PHI,ATL,trea turner,0.5,650.0,,BetRivers,,,,0.5,0.1205744959024863,0.8794255040975136,729,-729,,,-0.0956912807313522,,PASS,0.7588510081950273,1.0,1.2,0.0,4.6,0.2133333333333333,0.2533333333333333,0.0,0.1733333333333333,0.1066666666666666,0.3075724066666666,0.3258585858585858,0.0,0.0,0.3509277272727272,0.1818181818181818,9.0,-0.0956912807313522,0.0,0.0,0.0,,,,0.0,True,0.1284864209530875,,NO PICK,
849844,2026-10-02 00:00:00+00:00,PHI,ATL,PHI,ATL,0,592663,J.T. Realmuto,batter,confirmed,8.0,,,,,,,,,,,,,,,,,Truist Park,76.9,66.0,4.5,0.0,0.0,0.0,1.0,batter_home_runs,Batter home runs,0.118666538178301,PHI,ATL,j t realmuto,0.5,700.0,,BetRivers,,,,0.5,0.1118960998653149,0.8881039001346851,794,-794,,,-0.1048312010774807,,PASS,0.7762078002693702,0.5333333333333333,1.0,0.0666666666666666,3.733333333333333,0.1622222222222222,0.2766666666666666,0.0133333333333333,0.2288888888888889,0.08,0.2892518422222222,0.2492063492063492,0.0323809523809523,0.0,0.3509277272727272,0.1818181818181818,9.0,-0.1048312010774807,0.0,0.0,0.0,,,,0.0,True,0.118666538178301,,NO PICK,
849844,2026-10-02 00:00:00+00:00,PHI,ATL,ATL,PHI,1,663586,Austin Riley,batter,confirmed,7.0,,,,,,,,,,,,,,,,,Truist Park,76.9,66.0,4.5,0.0,0.0,0.0,1.0,batter_home_runs,Batter home runs,0.1166759960565132,PHI,ATL,austin riley,0.5,650.0,,BetRivers,,,,0.5,0.1101265310272087,0.8898734689727913,808,-808,,,-0.1740510172959347,,PASS,0.7797469379455826,0.6666666666666666,1.2666666666666666,0.2,4.066666666666666,0.1633333333333333,0.3133333333333333,0.05,0.3144444444444444,0.0966666666666666,0.3245669333333333,0.2293121693121693,0.0888888888888888,0.2368523022870849,0.3219417635704349,0.2291105979366849,16.333333333333332,-0.1740510172959347,0.0,0.0,0.0,,,,0.0,True,0.1166759960565132,,NO PICK,
849844,2026-10-02 00:00:00+00:00,PHI,ATL,ATL,PHI,1,660670,Ronald Acuña Jr.,batter,confirmed,2.0,,,,,,,,,,,,,,,,,Truist Park,76.9,66.0,4.5,0.0,0.0,0.0,1.0,batter_home_runs,Batter home runs,0.1604182047029976,PHI,ATL,ronald acuna jr,0.5,450.0,,BetRivers,,,,0.5,0.1482125070664334,0.8517874929335666,575,-575,,,-0.1848312111346163,,PASS,0.7035749858671332,1.0,1.9333333333333331,0.2666666666666666,4.4,0.22,0.42,0.0566666666666666,0.1733333333333333,0.1,0.3826676766666666,0.2278042328042328,0.0874603174603174,0.2368523022870849,0.3219417635704349,0.2291105979366849,16.333333333333332,-0.1848312111346163,1.0,1.0,0.0,,,,0.0,True,0.1604182047029976,,NO PICK,
849844,2026-10-02 00:00:00+00:00,PHI,ATL,ATL,PHI,1,621566,Matt Olson,batter,confirmed,3.0,,,,,,,,,,,,,,,,,Truist Park,76.9,66.0,4.5,0.0,0.0,0.0,1.0,batter_home_runs,Batter home runs,0.1519745237564824,PHI,ATL,matt olson,0.5,430.0,,BetRivers,,,,0.5,0.1409898351854968,0.8590101648145032,609,-609,,,-0.252753873516867,,PASS,0.7180203296290064,1.0666666666666669,1.7333333333333334,0.2,4.133333333333334,0.24,0.3866666666666667,0.0433333333333333,0.2233333333333333,0.0388888888888888,0.3008493333333333,0.3497619047619048,0.0479365079365079,0.2368523022870849,0.3219417635704349,0.2291105979366849,16.333333333333332,-0.252753873516867,1.0,4.0,1.0,,,,1.0,True,0.8480254762435175,,NO PICK,
849844,2026-10-02 00:00:00+00:00,PHI,ATL,PHI,ATL,0,547180,Bryce Harper,batter,confirmed,3.0,,,,,,,,,,,,,,,,,Truist Park,76.9,66.0,4.5,0.0,0.0,0.0,1.0,batter_home_runs,Batter home runs,0.1490393727990695,PHI,ATL,bryce harper,0.5,430.0,,BetRivers,,,,0.5,0.1384648068208862,0.8615351931791138,622,-622,,,-0.266136523849303,,PASS,0.7230703863582275,1.0,1.6,0.1333333333333333,4.533333333333333,0.21,0.33,0.0266666666666666,0.2266666666666666,0.0766666666666666,0.2745647433333333,0.1568253968253968,0.0295238095238095,0.0,0.3509277272727272,0.1818181818181818,9.0,-0.266136523849303,1.0,2.0,0.0,,,,0.0,True,0.1490393727990695,,NO PICK,
849844,2026-10-02 00:00:00+00:00,PHI,ATL,PHI,ATL,0,656941,Kyle Schwarber,batter,confirmed,2.0,,,,,,,,,,,,,,,,,Truist Park,76.9,66.0,4.5,0.0,0.0,0.0,1.0,batter_home_runs,Batter home runs,0.1627124709532967,PHI,ATL,kyle schwarber,0.5,265.0,,BetRivers,,,,0.5,0.1501644943184452,0.8498355056815547,566,-566,,,-0.4518995957376748,,PASS,0.6996710113631095,0.6666666666666666,1.2666666666666666,0.1333333333333333,4.6,0.1466666666666666,0.28,0.03,0.1966666666666666,0.2133333333333333,0.3755168433333333,0.3161976911976911,0.025,0.0,0.3509277272727272,0.1818181818181818,9.0,-0.4518995957376748,2.0,2.0,0.0,,,,0.0,True,0.1627124709532967,,NO PICK,
