game_pk,game_datetime,away_team,home_team,team,opponent,is_home,player_id,player_name,lineup_status,batting_order,expected_pa,opposing_starter_id,batter_hr_pa_long,batter_barrel_pa_long,batter_barrel_bbe_long,batter_hard_air_pa_long,batter_sweet_pa_long,batter_k_rate_long,batter_bb_rate_long,batter_xwoba_long,batter_ev90_long,batter_hr_pa_recent,batter_barrel_pa_recent,batter_barrel_bbe_recent,batter_hard_air_pa_recent,batter_sweet_pa_recent,batter_k_rate_recent,batter_bb_rate_recent,batter_xwoba_recent,batter_ev90_recent,batter_hand,pitcher_hr_bf,pitcher_barrel_bf,pitcher_hard_air_bf,pitcher_fly_rate,pitcher_k_rate,pitcher_bb_rate,pitcher_xwoba,pitcher_ev90,pitcher_outs,opposing_pitcher_hand,bvp_pa,bvp_hr,bvp_barrels,bvp_hr_shrunk,bvp_barrel_shrunk,bvp_reliability,same_hand,venue,temperature_f,humidity_pct,wind_speed_mph,precipitation_in,roof_control_factor,park_hr_factor,home_run_probability,fair_odds,point,over_odds,under_odds,over_no_vig_probability,under_no_vig_probability,over_book,under_book,line,market_edge,ev_per_unit,signal
823438,2026-07-22 22:40:00+00:00,LAD,PHI,PHI,LAD,1,656941,Kyle Schwarber,confirmed,2.0,4.65,641778,0.08178438661710037,0.08921933085501858,0.08080808080808081,0.275092936802974,0.20074349442379183,0.37174721189591076,0.13011152416356878,0.361369385,100.5050847457627,0.046875,0.0625,0.06896551724137931,0.1875,0.1875,0.390625,0.140625,0.29321922000000006,98.20333333333332,L,0.05343511450381679,0.06870229007633588,0.19083969465648856,0.6299212598425197,0.14122137404580154,0.08015267175572519,0.328544381541923,100.045,14.916666666666666,L,0.0,0.0,0.0,0.03,0.06,0.0,1,Citizens Bank Park,78.3,62.0,6.6,0.0,0.0,1.3346998535871155,0.27905937646892154,258,,,,,,,,0.5,,,HR WATCH
822873,2026-07-23 00:05:00+00:00,CWS,TEX,CWS,TEX,0,808959,Munetaka Murakami,confirmed,2.0,4.65,641302,0.06415094339622641,0.09056603773584905,0.0975609756097561,0.24150943396226415,0.15471698113207547,0.32452830188679244,0.1811320754716981,0.35276434611111107,98.98333333333335,0.046875,0.0625,0.06779661016949153,0.1875,0.140625,0.328125,0.1875,0.31127346333333333,96.95800000000001,L,0.0,0.0,0.09090909090909091,0.4666666666666667,0.36363636363636365,0.0,0.18186013888888888,96.5,3.0,L,0.0,0.0,0.0,0.03,0.06,0.0,1,Globe Life Field,102.1,38.0,10.1,0.0,0.5,1.1776763414003963,0.23202968257004356,331,,,,,,,,0.5,,,HR WATCH
824896,2026-07-22 23:15:00+00:00,SD,ATL,ATL,SD,1,686948,Drake Baldwin,confirmed,1.0,4.75,650633,0.048507462686567165,0.1044776119402985,0.08211143695014662,0.23880597014925373,0.2537313432835821,0.22761194029850745,0.11567164179104478,0.3802581761111112,99.30766666666668,0.058823529411764705,0.10294117647058823,0.07291666666666667,0.25,0.29411764705882354,0.08823529411764706,0.14705882352941177,0.4239656588888888,99.37066666666665,L,0.028328611898016998,0.056657223796033995,0.1558073654390935,0.5231481481481481,0.19830028328611898,0.08781869688385269,0.3308222114793344,100.14333333333333,16.866666666666667,R,3.0,0.0,0.0,0.027906976744186046,0.05581395348837209,0.06976744186046512,0,Truist Park,87.3,58.0,11.0,0.0,0.0,1.288777883041943,0.22374338262874283,347,,,,,,,,0.5,,,HR WATCH
824166,2026-07-23 00:10:00+00:00,MIA,HOU,HOU,MIA,1,670541,Yordan Alvarez,confirmed,2.0,4.65,645261,0.07633587786259542,0.12595419847328243,0.09593023255813954,0.26717557251908397,0.29770992366412213,0.19083969465648856,0.16030534351145037,0.4485961302777779,99.97816666666668,0.10294117647058823,0.1323529411764706,0.10344827586206896,0.2647058823529412,0.3088235294117647,0.16176470588235295,0.11764705882352941,0.46024307999999997,102.11333333333333,L,0.02481389578163772,0.04218362282878412,0.14392059553349876,0.5078534031413613,0.19851116625310175,0.05955334987593052,0.30198436147714014,100.92600000000002,18.666666666666668,R,0.0,0.0,0.0,0.03,0.06,0.0,0,Daikin Park,100.1,39.0,4.3,0.0,0.5,1.1110154164154682,0.2167983070402012,361,,,,,,,,0.5,,,HR WATCH
823438,2026-07-22 22:40:00+00:00,LAD,PHI,LAD,PHI,0,660271,Shohei Ohtani,confirmed,1.0,4.75,605400,0.05818181818181818,0.09818181818181818,0.0903010033444816,0.24363636363636362,0.20363636363636364,0.2290909090909091,0.13454545454545455,0.4072343938888889,100.25866666666666,0.06153846153846154,0.12307692307692308,0.13793103448275862,0.27692307692307694,0.18461538461538463,0.24615384615384617,0.07692307692307693,0.3548811477777777,100.37666666666668,L,0.05621301775147929,0.07396449704142012,0.21005917159763313,0.4719626168224299,0.23372781065088757,0.07396449704142012,0.30983173248302975,101.76733333333335,15.066666666666666,R,0.0,0.0,0.0,0.03,0.06,0.0,0,Citizens Bank Park,78.3,62.0,6.6,0.0,0.0,1.3346998535871155,0.20526690690542032,387,,,,,,,,0.5,,,HR WATCH
824896,2026-07-22 23:15:00+00:00,SD,ATL,ATL,SD,1,621566,Matt Olson,confirmed,3.0,4.55,650633,0.05,0.06923076923076923,0.049723756906077346,0.26153846153846155,0.25384615384615383,0.25,0.08461538461538462,0.32124667388888895,100.10633333333334,0.08695652173913043,0.10144927536231885,0.07865168539325842,0.2753623188405797,0.2753623188405797,0.3188405797101449,0.11594202898550725,0.3366719622222221,98.98066666666668,L,0.028328611898016998,0.056657223796033995,0.1558073654390935,0.5231481481481481,0.19830028328611898,0.08781869688385269,0.3308222114793344,100.14333333333333,16.866666666666667,R,3.0,0.0,0.0,0.027906976744186046,0.05581395348837209,0.06976744186046512,0,Truist Park,87.3,58.0,11.0,0.0,0.0,1.288777883041943,0.19955978050831374,401,,,,,,,,0.5,,,HR WATCH
822873,2026-07-23 00:05:00+00:00,CWS,TEX,CWS,TEX,0,695657,Colson Montgomery,confirmed,4.0,4.45,641302,0.05859375,0.07421875,0.06597222222222222,0.21484375,0.2421875,0.3515625,0.07421875,0.30953162722222227,96.57068965517242,0.06153846153846154,0.06153846153846154,0.05970149253731343,0.2,0.18461538461538463,0.35384615384615387,0.046153846153846156,0.30479804999999993,95.25857142857141,L,0.0,0.0,0.09090909090909091,0.4666666666666667,0.36363636363636365,0.0,0.18186013888888888,96.5,3.0,L,0.0,0.0,0.0,0.03,0.06,0.0,1,Globe Life Field,102.1,38.0,10.1,0.0,0.5,1.1776763414003963,0.19249876811988464,419,,,,,,,,0.5,,,HR WATCH
822873,2026-07-23 00:05:00+00:00,CWS,TEX,TEX,CWS,1,607043,Brandon Nimmo,confirmed,4.0,4.45,641743,0.023809523809523808,0.0992063492063492,0.0700280112044818,0.2619047619047619,0.32936507936507936,0.2261904761904762,0.06746031746031746,0.37604025305555555,98.94449999999999,0.03333333333333333,0.06666666666666667,0.046511627906976744,0.2,0.38333333333333336,0.25,0.1,0.34014772444444435,96.76333333333332,L,0.02786377708978328,0.05572755417956656,0.1393188854489164,0.46601941747572817,0.19504643962848298,0.0804953560371517,0.32548986253955603,100.73933333333335,14.133333333333333,L,0.0,0.0,0.0,0.03,0.06,0.0,1,Globe Life Field,102.1,38.0,10.1,0.0,0.5,1.1776763414003963,0.1909888090103668,424,,,,,,,,0.5,,,HR WATCH
823438,2026-07-22 22:40:00+00:00,LAD,PHI,PHI,LAD,1,607208,Trea Turner,confirmed,1.0,4.75,641778,0.03773584905660377,0.05660377358490566,0.0436046511627907,0.1811320754716981,0.2641509433962264,0.2339622641509434,0.052830188679245285,0.30687511249999994,96.45542372881354,0.07575757575757576,0.09090909090909091,0.08108108108108109,0.25757575757575757,0.2878787878787879,0.21212121212121213,0.07575757575757576,0.3321567766666667,98.63000000000001,R,0.05343511450381679,0.06870229007633588,0.19083969465648856,0.6299212598425197,0.14122137404580154,0.08015267175572519,0.328544381541923,100.045,14.916666666666666,L,0.0,0.0,0.0,0.03,0.06,0.0,0,Citizens Bank Park,78.3,62.0,6.6,0.0,0.0,1.3346998535871155,0.18887386734680475,429,,,,,,,,0.5,,,HR WATCH
824896,2026-07-22 23:15:00+00:00,SD,ATL,SD,ATL,0,665487,Fernando Tatis Jr.,confirmed,1.0,4.75,527048,0.02952029520295203,0.08118081180811808,0.0728476821192053,0.2029520295202952,0.12546125461254612,0.17343173431734318,0.07380073800738007,0.3572279216666667,100.1476666666667,0.04477611940298507,0.07462686567164178,0.06578947368421052,0.16417910447761194,0.11940298507462686,0.208955223880597,0.08955223880597014,0.3485829644444444,101.48,R,0.026578073089700997,0.046511627906976744,0.17275747508305647,0.41076487252124644,0.16943521594684385,0.10631229235880399,0.33665532148598,101.70357142857145,15.357142857142858,L,3.0,0.0,0.0,0.027906976744186046,0.05581395348837209,0.06976744186046512,0,Truist Park,87.3,58.0,11.0,0.0,0.0,1.288777883041943,0.18746728596972814,433,,,,,,,,0.5,,,HR WATCH
824896,2026-07-22 23:15:00+00:00,SD,ATL,SD,ATL,0,592518,Manny Machado,confirmed,3.0,4.55,527048,0.06324110671936758,0.09486166007905138,0.07667731629392971,0.2015810276679842,0.26877470355731226,0.20948616600790515,0.1067193675889328,0.33892379972222225,96.82399999999998,0.09230769230769231,0.1076923076923077,0.09859154929577464,0.2153846153846154,0.27692307692307694,0.18461538461538463,0.16923076923076924,0.4169117488888888,97.52000000000001,R,0.026578073089700997,0.046511627906976744,0.17275747508305647,0.41076487252124644,0.16943521594684385,0.10631229235880399,0.33665532148598,101.70357142857145,15.357142857142858,L,2.0,0.0,0.0,0.02857142857142857,0.05714285714285714,0.047619047619047616,0,Truist Park,87.3,58.0,11.0,0.0,0.0,1.288777883041943,0.1762064626174163,468,,,,,,,,0.5,,,HR WATCH
822873,2026-07-23 00:05:00+00:00,CWS,TEX,TEX,CWS,1,679822,Justin Foscue,confirmed,2.0,4.65,641743,0.052083333333333336,0.07291666666666667,0.05511811023622047,0.23958333333333334,0.2916666666666667,0.22916666666666666,0.07291666666666667,0.35166445200000007,97.20291666666667,0.05172413793103448,0.05172413793103448,0.03614457831325301,0.1724137931034483,0.29310344827586204,0.20689655172413793,0.08620689655172414,0.31522186444444444,95.74800000000002,R,0.02786377708978328,0.05572755417956656,0.1393188854489164,0.46601941747572817,0.19504643962848298,0.0804953560371517,0.32548986253955603,100.73933333333335,14.133333333333333,L,0.0,0.0,0.0,0.03,0.06,0.0,0,Globe Life Field,102.1,38.0,10.1,0.0,0.5,1.1776763414003963,0.1752159584399604,471,,,,,,,,0.5,,,HR WATCH
822873,2026-07-23 00:05:00+00:00,CWS,TEX,TEX,CWS,1,694671,Wyatt Langford,confirmed,1.0,4.75,641743,0.05188679245283019,0.06132075471698113,0.04529616724738676,0.18867924528301888,0.24528301886792453,0.21226415094339623,0.05660377358490566,0.3221751227891156,97.92571428571429,0.08955223880597014,0.08955223880597014,0.07058823529411765,0.208955223880597,0.2835820895522388,0.19402985074626866,0.04477611940298507,0.3826704822222222,98.77133333333333,R,0.02786377708978328,0.05572755417956656,0.1393188854489164,0.46601941747572817,0.19504643962848298,0.0804953560371517,0.32548986253955603,100.73933333333335,14.133333333333333,L,0.0,0.0,0.0,0.03,0.06,0.0,0,Globe Life Field,102.1,38.0,10.1,0.0,0.5,1.1776763414003963,0.17512574522319718,471,,,,,,,,0.5,,,HR WATCH
824896,2026-07-22 23:15:00+00:00,SD,ATL,ATL,SD,1,671739,Michael Harris II,confirmed,4.0,4.45,650633,0.04182509505703422,0.06844106463878327,0.04918032786885246,0.22433460076045628,0.23193916349809887,0.20152091254752852,0.034220532319391636,0.32319220472222226,99.42683333333333,0.056338028169014086,0.04225352112676056,0.02830188679245283,0.23943661971830985,0.22535211267605634,0.18309859154929578,0.0,0.2968342888888889,100.89333333333333,L,0.028328611898016998,0.056657223796033995,0.1558073654390935,0.5231481481481481,0.19830028328611898,0.08781869688385269,0.3308222114793344,100.14333333333333,16.866666666666667,R,3.0,0.0,1.0,0.027906976744186046,0.07906976744186046,0.06976744186046512,0,Truist Park,87.3,58.0,11.0,0.0,0.0,1.288777883041943,0.17288760271967354,478,,,,,,,,0.5,,,HR WATCH
822873,2026-07-23 00:05:00+00:00,CWS,TEX,TEX,CWS,1,669394,Jake Burger,confirmed,3.0,4.55,641743,0.0411522633744856,0.06995884773662552,0.05985915492957746,0.17695473251028807,0.2139917695473251,0.24691358024691357,0.09053497942386832,0.3212028419444445,97.97216666666667,0.047619047619047616,0.1111111111111111,0.09333333333333334,0.19047619047619047,0.14285714285714285,0.2698412698412698,0.031746031746031744,0.28769966,98.65333333333334,R,0.02786377708978328,0.05572755417956656,0.1393188854489164,0.46601941747572817,0.19504643962848298,0.0804953560371517,0.32548986253955603,100.73933333333335,14.133333333333333,L,0.0,0.0,0.0,0.03,0.06,0.0,0,Globe Life Field,102.1,38.0,10.1,0.0,0.5,1.1776763414003963,0.17012627713906978,488,,,,,,,,0.5,,,HR WATCH
824896,2026-07-22 23:15:00+00:00,SD,ATL,ATL,SD,1,663586,Austin Riley,confirmed,5.0,4.3,650633,0.029045643153526972,0.07468879668049792,0.06206896551724138,0.21991701244813278,0.1991701244813278,0.3029045643153527,0.08298755186721991,0.30602160805555556,97.24933333333334,0.06557377049180328,0.13114754098360656,0.09090909090909091,0.2459016393442623,0.19672131147540983,0.2786885245901639,0.08196721311475409,0.3779966755555556,97.744,R,0.028328611898016998,0.056657223796033995,0.1558073654390935,0.5231481481481481,0.19830028328611898,0.08781869688385269,0.3308222114793344,100.14333333333333,16.866666666666667,R,3.0,0.0,0.0,0.027906976744186046,0.05581395348837209,0.06976744186046512,1,Truist Park,87.3,58.0,11.0,0.0,0.0,1.288777883041943,0.16962961747235455,490,,,,,,,,0.5,,,HR WATCH
822873,2026-07-23 00:05:00+00:00,CWS,TEX,CWS,TEX,0,678246,Miguel Vargas,confirmed,3.0,4.55,641302,0.052830188679245285,0.11320754716981132,0.0847457627118644,0.2679245283018868,0.29056603773584905,0.16981132075471697,0.10566037735849057,0.40248394722222225,98.80033333333334,0.030303030303030304,0.12121212121212122,0.08791208791208792,0.25757575757575757,0.30303030303030304,0.18181818181818182,0.09090909090909091,0.3462957,97.91666666666666,R,0.0,0.0,0.09090909090909091,0.4666666666666667,0.36363636363636365,0.0,0.18186013888888888,96.5,3.0,L,0.0,0.0,0.0,0.03,0.06,0.0,0,Globe Life Field,102.1,38.0,10.1,0.0,0.5,1.1776763414003963,0.169590197649124,490,,,,,,,,0.5,,,HR WATCH
823438,2026-07-22 22:40:00+00:00,LAD,PHI,LAD,PHI,0,571970,Max Muncy,confirmed,4.0,4.45,605400,0.04184100418410042,0.0794979079497908,0.06354515050167224,0.2384937238493724,0.22594142259414227,0.20920502092050208,0.12133891213389121,0.34567303472222216,96.39716666666668,0.04918032786885246,0.06557377049180328,0.044444444444444446,0.2786885245901639,0.19672131147540983,0.19672131147540983,0.13114754098360656,0.3260505322222222,95.62933333333332,L,0.05621301775147929,0.07396449704142012,0.21005917159763313,0.4719626168224299,0.23372781065088757,0.07396449704142012,0.30983173248302975,101.76733333333335,15.066666666666666,R,0.0,0.0,0.0,0.03,0.06,0.0,0,Citizens Bank Park,78.3,62.0,6.6,0.0,0.0,1.3346998535871155,0.16938679026421954,490,,,,,,,,0.5,,,HR WATCH
823438,2026-07-22 22:40:00+00:00,LAD,PHI,PHI,LAD,1,547180,Bryce Harper,confirmed,3.0,4.55,641778,0.043137254901960784,0.050980392156862744,0.04180064308681672,0.1568627450980392,0.25098039215686274,0.23529411764705882,0.15294117647058825,0.36655644944444443,97.37633333333335,0.015625,0.015625,0.012195121951219513,0.09375,0.203125,0.265625,0.140625,0.25648721,93.70466666666667,L,0.05343511450381679,0.06870229007633588,0.19083969465648856,0.6299212598425197,0.14122137404580154,0.08015267175572519,0.328544381541923,100.045,14.916666666666666,L,0.0,0.0,0.0,0.03,0.06,0.0,1,Citizens Bank Park,78.3,62.0,6.6,0.0,0.0,1.3346998535871155,0.1657966131516741,503,,,,,,,,0.5,,,HR WATCH
824896,2026-07-22 23:15:00+00:00,SD,ATL,SD,ATL,0,664034,Ty France,confirmed,4.0,4.45,527048,0.06224066390041494,0.08713692946058091,0.0603448275862069,0.21161825726141079,0.37344398340248963,0.21991701244813278,0.04979253112033195,0.3401644088888888,97.48883333333332,0.07462686567164178,0.08955223880597014,0.05714285714285714,0.29850746268656714,0.3283582089552239,0.19402985074626866,0.04477611940298507,0.36019348222222225,99.31666666666666,R,0.026578073089700997,0.046511627906976744,0.17275747508305647,0.41076487252124644,0.16943521594684385,0.10631229235880399,0.33665532148598,101.70357142857145,15.357142857142858,L,2.0,1.0,1.0,0.05238095238095238,0.08095238095238096,0.047619047619047616,0,Truist Park,87.3,58.0,11.0,0.0,0.0,1.288777883041943,0.16510175712913905,506,,,,,,,,0.5,,,HR WATCH
824896,2026-07-22 23:15:00+00:00,SD,ATL,SD,ATL,0,701538,Jackson Merrill,confirmed,5.0,4.3,527048,0.03529411764705882,0.06666666666666667,0.045454545454545456,0.2235294117647059,0.3411764705882353,0.25098039215686274,0.06666666666666667,0.2919047686111111,95.95816666666664,0.06060606060606061,0.07575757575757576,0.044642857142857144,0.22727272727272727,0.4090909090909091,0.24242424242424243,0.06060606060606061,0.3369607066666667,95.244,L,0.026578073089700997,0.046511627906976744,0.17275747508305647,0.41076487252124644,0.16943521594684385,0.10631229235880399,0.33665532148598,101.70357142857145,15.357142857142858,L,2.0,0.0,0.0,0.02857142857142857,0.05714285714285714,0.047619047619047616,1,Truist Park,87.3,58.0,11.0,0.0,0.0,1.288777883041943,0.15566034302381535,542,,,,,,,,0.5,,,PASS
823438,2026-07-22 22:40:00+00:00,LAD,PHI,LAD,PHI,0,518692,Freddie Freeman,confirmed,3.0,4.55,605400,0.04230769230769231,0.057692307692307696,0.03740648379052369,0.21923076923076923,0.36153846153846153,0.19230769230769232,0.1346153846153846,0.37383963444444446,96.92666666666666,0.016129032258064516,0.0,0.0,0.1935483870967742,0.3064516129032258,0.20967741935483872,0.06451612903225806,0.2804734211111111,96.67799999999998,L,0.05621301775147929,0.07396449704142012,0.21005917159763313,0.4719626168224299,0.23372781065088757,0.07396449704142012,0.30983173248302975,101.76733333333335,15.066666666666666,R,0.0,0.0,0.0,0.03,0.06,0.0,0,Citizens Bank Park,78.3,62.0,6.6,0.0,0.0,1.3346998535871155,0.15151434690855348,560,,,,,,,,0.5,,,PASS
824896,2026-07-22 23:15:00+00:00,SD,ATL,SD,ATL,0,669134,Luis Campusano,confirmed,6.0,4.15,527048,0.045454545454545456,0.06818181818181818,0.0594059405940594,0.20454545454545456,0.17045454545454544,0.25,0.13636363636363635,0.3375223237179487,94.79423076923078,0.05555555555555555,0.05555555555555555,0.04918032786885246,0.18518518518518517,0.16666666666666666,0.24074074074074073,0.16666666666666666,0.3573266722222222,96.04533333333333,R,0.026578073089700997,0.046511627906976744,0.17275747508305647,0.41076487252124644,0.16943521594684385,0.10631229235880399,0.33665532148598,101.70357142857145,15.357142857142858,L,0.0,0.0,0.0,0.03,0.06,0.0,0,Truist Park,87.3,58.0,11.0,0.0,0.0,1.288777883041943,0.15128919667074228,561,,,,,,,,0.5,,,PASS
823438,2026-07-22 22:40:00+00:00,LAD,PHI,PHI,LAD,1,664761,Alec Bohm,confirmed,4.0,4.45,641778,0.035856573705179286,0.055776892430278883,0.04011461318051576,0.14741035856573706,0.2749003984063745,0.15139442231075698,0.05976095617529881,0.31630314499999995,98.10433333333334,0.03076923076923077,0.06153846153846154,0.044444444444444446,0.18461538461538463,0.27692307692307694,0.18461538461538463,0.06153846153846154,0.3313726533333333,98.18400000000001,R,0.05343511450381679,0.06870229007633588,0.19083969465648856,0.6299212598425197,0.14122137404580154,0.08015267175572519,0.328544381541923,100.045,14.916666666666666,L,0.0,0.0,0.0,0.03,0.06,0.0,0,Citizens Bank Park,78.3,62.0,6.6,0.0,0.0,1.3346998535871155,0.15122919289574216,561,,,,,,,,0.5,,,PASS
824166,2026-07-23 00:10:00+00:00,MIA,HOU,HOU,MIA,1,670623,Isaac Paredes,confirmed,3.0,4.55,645261,0.038314176245210725,0.04980842911877394,0.03359173126614987,0.24904214559386972,0.24521072796934865,0.14942528735632185,0.09578544061302682,0.32356162916666664,95.891,0.029850746268656716,0.029850746268656716,0.017699115044247787,0.34328358208955223,0.29850746268656714,0.11940298507462686,0.08955223880597014,0.3509191133333333,97.41266666666667,R,0.02481389578163772,0.04218362282878412,0.14392059553349876,0.5078534031413613,0.19851116625310175,0.05955334987593052,0.30198436147714014,100.92600000000002,18.666666666666668,R,0.0,0.0,0.0,0.03,0.06,0.0,1,Daikin Park,100.1,39.0,4.3,0.0,0.5,1.1110154164154682,0.14928136623274166,570,,,,,,,,0.5,,,PASS
822784,2026-07-22 23:07:00+00:00,TB,TOR,TB,TOR,0,691406,Junior Caminero,confirmed,3.0,4.55,680755,0.06666666666666667,0.1037037037037037,0.09271523178807947,0.21851851851851853,0.2,0.1925925925925926,0.13333333333333333,0.37047068202380945,102.99916666666668,0.05970149253731343,0.1044776119402985,0.09333333333333334,0.1791044776119403,0.19402985074626866,0.208955223880597,0.14925373134328357,0.39701184777777776,100.67866666666669,R,0.0,0.07142857142857142,0.17857142857142858,0.4166666666666667,0.2857142857142857,0.17857142857142858,0.2942777027777778,97.18333333333334,3.3333333333333335,R,3.0,0.0,1.0,0.027906976744186046,0.07906976744186046,0.06976744186046512,1,Rogers Centre,66.0,57.0,7.4,0.0,0.5,0.9543037682052864,0.14769256045277152,577,,,,,,,,0.5,,,PASS
823438,2026-07-22 22:40:00+00:00,LAD,PHI,LAD,PHI,0,681624,Andy Pages,confirmed,2.0,4.65,605400,0.029304029304029304,0.05860805860805861,0.0443213296398892,0.17216117216117216,0.28205128205128205,0.20146520146520147,0.09157509157509157,0.31829789888888893,95.96000000000002,0.015384615384615385,0.015384615384615385,0.011235955056179775,0.12307692307692308,0.26153846153846155,0.24615384615384617,0.13846153846153847,0.31217659666666664,93.12200000000003,R,0.05621301775147929,0.07396449704142012,0.21005917159763313,0.4719626168224299,0.23372781065088757,0.07396449704142012,0.30983173248302975,101.76733333333335,15.066666666666666,R,0.0,0.0,0.0,0.03,0.06,0.0,1,Citizens Bank Park,78.3,62.0,6.6,0.0,0.0,1.3346998535871155,0.14259557155891162,601,,,,,,,,0.5,,,PASS
824408,2026-07-22 22:40:00+00:00,MIN,CLE,MIN,CLE,0,665019,Kody Clemens,confirmed,3.0,4.55,677944,0.05952380952380952,0.0873015873015873,0.06451612903225806,0.2261904761904762,0.21825396825396826,0.21825396825396826,0.04365079365079365,0.3286424475,98.46249999999999,0.078125,0.09375,0.06976744186046512,0.1875,0.234375,0.328125,0.046875,0.2900167033333333,95.88600000000001,L,0.029239766081871343,0.05555555555555555,0.18128654970760233,0.481981981981982,0.17251461988304093,0.06140350877192982,0.3174674844326743,100.88466666666667,15.4,R,2.0,0.0,0.0,0.02857142857142857,0.05714285714285714,0.047619047619047616,0,Progressive Field,69.7,43.0,6.3,0.0,0.0,0.7764763299170326,0.1422825392177976,603,,,,,,,,0.5,,,PASS
823438,2026-07-22 22:40:00+00:00,LAD,PHI,LAD,PHI,0,606192,Teoscar Hernández,confirmed,7.0,4.0,605400,0.03278688524590164,0.06557377049180328,0.05555555555555555,0.18442622950819673,0.22131147540983606,0.27049180327868855,0.0942622950819672,0.3212607027777778,95.99450000000002,0.01639344262295082,0.03278688524590164,0.030303030303030304,0.16393442622950818,0.16393442622950818,0.3114754098360656,0.06557377049180328,0.2536497088888889,97.56866666666664,R,0.05621301775147929,0.07396449704142012,0.21005917159763313,0.4719626168224299,0.23372781065088757,0.07396449704142012,0.30983173248302975,101.76733333333335,15.066666666666666,R,0.0,0.0,0.0,0.03,0.06,0.0,1,Citizens Bank Park,78.3,62.0,6.6,0.0,0.0,1.3346998535871155,0.13527362950420144,639,,,,,,,,0.5,,,PASS
823438,2026-07-22 22:40:00+00:00,LAD,PHI,PHI,LAD,1,656537,Derek Hill,confirmed,6.0,4.15,641778,0.02702702702702703,0.04504504504504504,0.04032258064516129,0.11711711711711711,0.22522522522522523,0.40540540540540543,0.05405405405405406,0.26968796717171717,91.30727272727272,0.017857142857142856,0.03571428571428571,0.03076923076923077,0.10714285714285714,0.21428571428571427,0.5,0.03571428571428571,0.23509549444444441,93.86733333333333,R,0.05343511450381679,0.06870229007633588,0.19083969465648856,0.6299212598425197,0.14122137404580154,0.08015267175572519,0.328544381541923,100.045,14.916666666666666,L,1.0,0.0,0.0,0.029268292682926828,0.058536585365853655,0.024390243902439025,0,Citizens Bank Park,78.3,62.0,6.6,0.0,0.0,1.3346998535871155,0.1348957904410592,641,,,,,,,,0.5,,,PASS
824896,2026-07-22 23:15:00+00:00,SD,ATL,ATL,SD,1,645277,Ozzie Albies,confirmed,2.0,4.65,650633,0.02681992337164751,0.03065134099616858,0.019801980198019802,0.18007662835249041,0.2950191570881226,0.14942528735632185,0.06130268199233716,0.2706063847222222,95.129,0.028985507246376812,0.028985507246376812,0.016666666666666666,0.15942028985507245,0.391304347826087,0.2753623188405797,0.057971014492753624,0.2122738055555555,93.14933333333335,L,0.028328611898016998,0.056657223796033995,0.1558073654390935,0.5231481481481481,0.19830028328611898,0.08781869688385269,0.3308222114793344,100.14333333333333,16.866666666666667,R,3.0,0.0,0.0,0.027906976744186046,0.05581395348837209,0.06976744186046512,0,Truist Park,87.3,58.0,11.0,0.0,0.0,1.288777883041943,0.1339774447629643,646,,,,,,,,0.5,,,PASS
824166,2026-07-23 00:10:00+00:00,MIA,HOU,HOU,MIA,1,665161,Jeremy Peña,confirmed,1.0,4.75,645261,0.03508771929824561,0.03508771929824561,0.026058631921824105,0.17105263157894737,0.18421052631578946,0.16666666666666666,0.07017543859649122,0.35262966955128205,96.56519230769231,0.03278688524590164,0.03278688524590164,0.025974025974025976,0.18032786885245902,0.18032786885245902,0.21311475409836064,0.06557377049180328,0.3452227422222222,97.38000000000001,R,0.02481389578163772,0.04218362282878412,0.14392059553349876,0.5078534031413613,0.19851116625310175,0.05955334987593052,0.30198436147714014,100.92600000000002,18.666666666666668,R,0.0,0.0,0.0,0.03,0.06,0.0,1,Daikin Park,100.1,39.0,4.3,0.0,0.5,1.1110154164154682,0.13346658788365404,649,,,,,,,,0.5,,,PASS
824408,2026-07-22 22:40:00+00:00,MIN,CLE,CLE,MIN,1,608070,José Ramírez,confirmed,2.0,4.65,641927,0.03409090909090909,0.045454545454545456,0.03116883116883117,0.25,0.25757575757575757,0.14393939393939395,0.13636363636363635,0.35758083694444454,98.84549999999997,0.03125,0.015625,0.012048192771084338,0.21875,0.203125,0.15625,0.0625,0.3072563755555555,97.81400000000001,R,0.040372670807453416,0.07142857142857142,0.20496894409937888,0.5570776255707762,0.18012422360248448,0.06521739130434782,0.32153339448517554,101.98500000000001,16.428571428571427,R,0.0,0.0,0.0,0.03,0.06,0.0,1,Progressive Field,69.7,43.0,6.3,0.0,0.0,0.7764763299170326,0.13283723370905823,653,,,,,,,,0.5,,,PASS
823438,2026-07-22 22:40:00+00:00,LAD,PHI,PHI,LAD,1,624641,Edmundo Sosa,confirmed,5.0,4.3,641778,0.02564102564102564,0.05128205128205128,0.03292181069958848,0.19230769230769232,0.26282051282051283,0.1987179487179487,0.02564102564102564,0.33040404507575755,94.80136363636365,0.017543859649122806,0.05263157894736842,0.03296703296703297,0.22807017543859648,0.21052631578947367,0.15789473684210525,0.03508771929824561,0.33706966000000005,95.52733333333335,R,0.05343511450381679,0.06870229007633588,0.19083969465648856,0.6299212598425197,0.14122137404580154,0.08015267175572519,0.328544381541923,100.045,14.916666666666666,L,0.0,0.0,0.0,0.03,0.06,0.0,0,Citizens Bank Park,78.3,62.0,6.6,0.0,0.0,1.3346998535871155,0.13122741958855,662,,,,,,,,0.5,,,PASS
824408,2026-07-22 22:40:00+00:00,MIN,CLE,MIN,CLE,0,605137,Josh Bell,confirmed,4.0,4.45,677944,0.03937007874015748,0.07086614173228346,0.04838709677419355,0.19291338582677164,0.23228346456692914,0.2440944881889764,0.05905511811023622,0.31587939416666655,97.14866666666667,0.046875,0.0625,0.043478260869565216,0.25,0.28125,0.25,0.09375,0.2984100533333333,98.02666666666667,R,0.029239766081871343,0.05555555555555555,0.18128654970760233,0.481981981981982,0.17251461988304093,0.06140350877192982,0.3174674844326743,100.88466666666667,15.4,R,2.0,0.0,0.0,0.02857142857142857,0.05714285714285714,0.047619047619047616,1,Progressive Field,69.7,43.0,6.3,0.0,0.0,0.7764763299170326,0.129232298435397,674,,,,,,,,0.5,,,PASS
823438,2026-07-22 22:40:00+00:00,LAD,PHI,LAD,PHI,0,605141,Mookie Betts,confirmed,5.0,4.3,605400,0.04633204633204633,0.0694980694980695,0.05357142857142857,0.21621621621621623,0.27413127413127414,0.11583011583011583,0.08108108108108109,0.33379587166666674,96.66796610169493,0.03225806451612903,0.06451612903225806,0.05128205128205128,0.1774193548387097,0.2903225806451613,0.0967741935483871,0.0967741935483871,0.2841782211111111,95.41999999999999,R,0.05621301775147929,0.07396449704142012,0.21005917159763313,0.4719626168224299,0.23372781065088757,0.07396449704142012,0.30983173248302975,101.76733333333335,15.066666666666666,R,0.0,0.0,0.0,0.03,0.06,0.0,1,Citizens Bank Park,78.3,62.0,6.6,0.0,0.0,1.3346998535871155,0.12809555053927482,681,,,,,,,,0.5,,,PASS
824896,2026-07-22 23:15:00+00:00,SD,ATL,ATL,SD,1,573262,Mike Yastrzemski,confirmed,6.0,4.15,650633,0.023255813953488372,0.04186046511627907,0.032846715328467155,0.17674418604651163,0.2558139534883721,0.22325581395348837,0.10232558139534884,0.3022613169444444,96.66349999999998,0.04,0.1,0.08064516129032258,0.34,0.32,0.18,0.12,0.31137676444444445,98.87000000000002,L,0.028328611898016998,0.056657223796033995,0.1558073654390935,0.5231481481481481,0.19830028328611898,0.08781869688385269,0.3308222114793344,100.14333333333333,16.866666666666667,R,3.0,0.0,0.0,0.027906976744186046,0.05581395348837209,0.06976744186046512,0,Truist Park,87.3,58.0,11.0,0.0,0.0,1.288777883041943,0.12808628784980708,681,,,,,,,,0.5,,,PASS
824408,2026-07-22 22:40:00+00:00,MIN,CLE,MIN,CLE,0,668904,Royce Lewis,confirmed,5.0,4.3,677944,0.032388663967611336,0.08097165991902834,0.06872852233676977,0.19838056680161945,0.20647773279352227,0.2550607287449393,0.0931174089068826,0.3106589155555556,96.52933333333334,0.031746031746031744,0.09523809523809523,0.0821917808219178,0.20634920634920634,0.20634920634920634,0.2222222222222222,0.12698412698412698,0.3372368911111111,97.798,R,0.029239766081871343,0.05555555555555555,0.18128654970760233,0.481981981981982,0.17251461988304093,0.06140350877192982,0.3174674844326743,100.88466666666667,15.4,R,2.0,0.0,0.0,0.02857142857142857,0.05714285714285714,0.047619047619047616,1,Progressive Field,69.7,43.0,6.3,0.0,0.0,0.7764763299170326,0.12721287378883211,686,,,,,,,,0.5,,,PASS
822873,2026-07-23 00:05:00+00:00,CWS,TEX,TEX,CWS,1,553869,Elias Díaz,confirmed,7.0,4.0,641743,0.04040404040404041,0.050505050505050504,0.034722222222222224,0.18181818181818182,0.2222222222222222,0.1919191919191919,0.020202020202020204,0.28822849345238094,97.44821428571429,0.03508771929824561,0.03508771929824561,0.022727272727272728,0.14035087719298245,0.2631578947368421,0.17543859649122806,0.017543859649122806,0.2857012933333333,96.494,R,0.02786377708978328,0.05572755417956656,0.1393188854489164,0.46601941747572817,0.19504643962848298,0.0804953560371517,0.32548986253955603,100.73933333333335,14.133333333333333,L,0.0,0.0,0.0,0.03,0.06,0.0,0,Globe Life Field,102.1,38.0,10.1,0.0,0.5,1.1776763414003963,0.12190937429192833,720,,,,,,,,0.5,,,PASS
822873,2026-07-23 00:05:00+00:00,CWS,TEX,CWS,TEX,0,803011,Sam Antonacci,confirmed,1.0,4.75,641302,0.022813688212927757,0.03802281368821293,0.028089887640449437,0.155893536121673,0.3155893536121673,0.17490494296577946,0.07224334600760456,0.3418383925,94.87683333333332,0.045454545454545456,0.030303030303030304,0.02040816326530612,0.16666666666666666,0.3333333333333333,0.16666666666666666,0.06060606060606061,0.31112183111111114,95.04733333333333,L,0.0,0.0,0.09090909090909091,0.4666666666666667,0.36363636363636365,0.0,0.18186013888888888,96.5,3.0,L,0.0,0.0,0.0,0.03,0.06,0.0,1,Globe Life Field,102.1,38.0,10.1,0.0,0.5,1.1776763414003963,0.11947908218223004,737,,,,,,,,0.5,,,PASS
822873,2026-07-23 00:05:00+00:00,CWS,TEX,CWS,TEX,0,695731,Braden Montgomery,confirmed,5.0,4.3,641302,0.022058823529411766,0.029411764705882353,0.022857142857142857,0.17647058823529413,0.2426470588235294,0.19117647058823528,0.08088235294117647,0.30024932878787874,96.58218749999999,0.01639344262295082,0.01639344262295082,0.011904761904761904,0.18032786885245902,0.2459016393442623,0.13114754098360656,0.04918032786885246,0.2920979033333334,96.09266666666666,L,0.0,0.0,0.09090909090909091,0.4666666666666667,0.36363636363636365,0.0,0.18186013888888888,96.5,3.0,L,0.0,0.0,0.0,0.03,0.06,0.0,1,Globe Life Field,102.1,38.0,10.1,0.0,0.5,1.1776763414003963,0.11942204209135687,737,,,,,,,,0.5,,,PASS
822873,2026-07-23 00:05:00+00:00,CWS,TEX,CWS,TEX,0,643217,Andrew Benintendi,confirmed,7.0,4.0,641302,0.03765690376569038,0.06276150627615062,0.047021943573667714,0.2384937238493724,0.24686192468619247,0.18828451882845187,0.09205020920502092,0.3305975997222223,94.89799999999998,0.017241379310344827,0.034482758620689655,0.02564102564102564,0.2413793103448276,0.25862068965517243,0.13793103448275862,0.1206896551724138,0.30820915888888895,93.92333333333335,L,0.0,0.0,0.09090909090909091,0.4666666666666667,0.36363636363636365,0.0,0.18186013888888888,96.5,3.0,L,0.0,0.0,0.0,0.03,0.06,0.0,1,Globe Life Field,102.1,38.0,10.1,0.0,0.5,1.1776763414003963,0.11920556008011411,739,,,,,,,,0.5,,,PASS
823438,2026-07-22 22:40:00+00:00,LAD,PHI,PHI,LAD,1,681082,Bryson Stott,confirmed,8.0,3.85,641778,0.016666666666666666,0.05416666666666667,0.040123456790123455,0.19166666666666668,0.2833333333333333,0.17916666666666667,0.08333333333333333,0.3263251083333334,96.19333333333333,0.0,0.05,0.041666666666666664,0.23333333333333334,0.2833333333333333,0.23333333333333334,0.06666666666666667,0.2871562644444444,96.27866666666667,L,0.05343511450381679,0.06870229007633588,0.19083969465648856,0.6299212598425197,0.14122137404580154,0.08015267175572519,0.328544381541923,100.045,14.916666666666666,L,0.0,0.0,0.0,0.03,0.06,0.0,1,Citizens Bank Park,78.3,62.0,6.6,0.0,0.0,1.3346998535871155,0.11914183884546622,739,,,,,,,,0.5,,,PASS
822873,2026-07-23 00:05:00+00:00,CWS,TEX,TEX,CWS,1,677649,Ezequiel Duran,confirmed,5.0,4.3,641743,0.03292181069958848,0.0411522633744856,0.02932551319648094,0.1522633744855967,0.27983539094650206,0.25925925925925924,0.05761316872427984,0.2807962405555556,93.89016666666666,0.06557377049180328,0.06557377049180328,0.047058823529411764,0.14754098360655737,0.3442622950819672,0.2459016393442623,0.08196721311475409,0.30193328333333336,94.43933333333332,R,0.02786377708978328,0.05572755417956656,0.1393188854489164,0.46601941747572817,0.19504643962848298,0.0804953560371517,0.32548986253955603,100.73933333333335,14.133333333333333,L,0.0,0.0,0.0,0.03,0.06,0.0,0,Globe Life Field,102.1,38.0,10.1,0.0,0.5,1.1776763414003963,0.11770382895092449,750,,,,,,,,0.5,,,PASS
822784,2026-07-22 23:07:00+00:00,TB,TOR,TB,TOR,0,666018,Jonathan Aranda,confirmed,2.0,4.65,680755,0.026022304832713755,0.06691449814126393,0.05142857142857143,0.21933085501858737,0.26022304832713755,0.21933085501858737,0.11895910780669144,0.36428381000000004,97.31783333333333,0.014925373134328358,0.07462686567164178,0.05263157894736842,0.208955223880597,0.34328358208955223,0.26865671641791045,0.05970149253731343,0.2900699755555556,96.79333333333332,L,0.0,0.07142857142857142,0.17857142857142858,0.4166666666666667,0.2857142857142857,0.17857142857142858,0.2942777027777778,97.18333333333334,3.3333333333333335,R,3.0,0.0,1.0,0.027906976744186046,0.07906976744186046,0.06976744186046512,0,Rogers Centre,66.0,57.0,7.4,0.0,0.5,0.9543037682052864,0.11760615600268844,750,,,,,,,,0.5,,,PASS
824166,2026-07-23 00:10:00+00:00,MIA,HOU,HOU,MIA,1,572233,Christian Walker,confirmed,6.0,4.15,645261,0.04417670682730924,0.04819277108433735,0.036585365853658534,0.14457831325301204,0.22088353413654618,0.26104417670682734,0.07228915662650602,0.2612476963888889,95.89083333333335,0.017241379310344827,0.05172413793103448,0.039473684210526314,0.1206896551724138,0.25862068965517243,0.3103448275862069,0.06896551724137931,0.2540445022222222,94.24266666666668,R,0.02481389578163772,0.04218362282878412,0.14392059553349876,0.5078534031413613,0.19851116625310175,0.05955334987593052,0.30198436147714014,100.92600000000002,18.666666666666668,R,0.0,0.0,0.0,0.03,0.06,0.0,1,Daikin Park,100.1,39.0,4.3,0.0,0.5,1.1110154164154682,0.11615585354884424,761,,,,,,,,0.5,,,PASS
824166,2026-07-23 00:10:00+00:00,MIA,HOU,HOU,MIA,1,828599,Lucas Spence,confirmed,7.0,4.0,645261,0.0,0.05,0.045454545454545456,0.15,0.2,0.25,0.1,0.28996160000000004,96.828,0.0,0.05,0.045454545454545456,0.15,0.2,0.25,0.1,0.28996160000000004,96.828,L,0.02481389578163772,0.04218362282878412,0.14392059553349876,0.5078534031413613,0.19851116625310175,0.05955334987593052,0.30198436147714014,100.92600000000002,18.666666666666668,R,0.0,0.0,0.0,0.03,0.06,0.0,0,Daikin Park,100.1,39.0,4.3,0.0,0.5,1.1110154164154682,0.11593198828521936,763,,,,,,,,0.5,,,PASS
824166,2026-07-23 00:10:00+00:00,MIA,HOU,HOU,MIA,1,664774,LaMonte Wade Jr.,confirmed,4.0,4.45,645261,0.0425531914893617,0.0425531914893617,0.03225806451612903,0.10638297872340426,0.3191489361702128,0.2553191489361702,0.1702127659574468,0.2736963205128205,91.64615384615384,0.0425531914893617,0.0425531914893617,0.03225806451612903,0.10638297872340426,0.3191489361702128,0.2553191489361702,0.1702127659574468,0.2736963205128205,91.64615384615384,L,0.02481389578163772,0.04218362282878412,0.14392059553349876,0.5078534031413613,0.19851116625310175,0.05955334987593052,0.30198436147714014,100.92600000000002,18.666666666666668,R,0.0,0.0,0.0,0.03,0.06,0.0,0,Daikin Park,100.1,39.0,4.3,0.0,0.5,1.1110154164154682,0.11464950498405661,772,,,,,,,,0.5,,,PASS
824896,2026-07-22 23:15:00+00:00,SD,ATL,ATL,SD,1,676551,Brewer Hicklen,confirmed,9.0,3.7,650633,0.0,0.0,0.0,0.17647058823529413,0.0,0.35294117647058826,0.17647058823529413,0.3159996875,98.295,0.0,0.0,0.0,0.17647058823529413,0.0,0.35294117647058826,0.17647058823529413,0.3159996875,98.295,R,0.028328611898016998,0.056657223796033995,0.1558073654390935,0.5231481481481481,0.19830028328611898,0.08781869688385269,0.3308222114793344,100.14333333333333,16.866666666666667,R,0.0,0.0,0.0,0.03,0.06,0.0,1,Truist Park,87.3,58.0,11.0,0.0,0.0,1.288777883041943,0.1137394919176544,779,,,,,,,,0.5,,,PASS
824408,2026-07-22 22:40:00+00:00,MIN,CLE,MIN,CLE,0,663616,Trevor Larnach,confirmed,1.0,4.75,677944,0.024691358024691357,0.04938271604938271,0.041237113402061855,0.16872427983539096,0.25102880658436216,0.17695473251028807,0.0823045267489712,0.3107158586111111,95.29950000000001,0.03225806451612903,0.06451612903225806,0.04938271604938271,0.24193548387096775,0.2903225806451613,0.14516129032258066,0.0967741935483871,0.34942215222222217,99.52266666666668,L,0.029239766081871343,0.05555555555555555,0.18128654970760233,0.481981981981982,0.17251461988304093,0.06140350877192982,0.3174674844326743,100.88466666666667,15.4,R,2.0,0.0,0.0,0.02857142857142857,0.05714285714285714,0.047619047619047616,0,Progressive Field,69.7,43.0,6.3,0.0,0.0,0.7764763299170326,0.11356548961992517,781,,,,,,,,0.5,,,PASS
824896,2026-07-22 23:15:00+00:00,SD,ATL,SD,ATL,0,650859,Luis Rengifo,confirmed,2.0,4.65,527048,0.0,0.0392156862745098,0.028070175438596492,0.11764705882352941,0.2696078431372549,0.10294117647058823,0.09803921568627451,0.30526534489795915,95.75285714285715,0.0,0.015873015873015872,0.011111111111111112,0.06349206349206349,0.25396825396825395,0.09523809523809523,0.15873015873015872,0.32593503555555553,94.76733333333335,L,0.026578073089700997,0.046511627906976744,0.17275747508305647,0.41076487252124644,0.16943521594684385,0.10631229235880399,0.33665532148598,101.70357142857145,15.357142857142858,L,0.0,0.0,0.0,0.03,0.06,0.0,1,Truist Park,87.3,58.0,11.0,0.0,0.0,1.288777883041943,0.11326292134936046,783,,,,,,,,0.5,,,PASS
822784,2026-07-22 23:07:00+00:00,TB,TOR,TB,TOR,0,683748,Victor Mesa Jr.,confirmed,6.0,4.15,680755,0.07476635514018691,0.08411214953271028,0.06206896551724138,0.21495327102803738,0.2897196261682243,0.22429906542056074,0.11214953271028037,0.31812724166666667,94.56785714285716,0.08928571428571429,0.08928571428571429,0.060240963855421686,0.23214285714285715,0.26785714285714285,0.21428571428571427,0.07142857142857142,0.29555330333333335,96.92999999999999,L,0.0,0.07142857142857142,0.17857142857142858,0.4166666666666667,0.2857142857142857,0.17857142857142858,0.2942777027777778,97.18333333333334,3.3333333333333335,R,0.0,0.0,0.0,0.03,0.06,0.0,0,Rogers Centre,66.0,57.0,7.4,0.0,0.5,0.9543037682052864,0.1114265072539653,797,,,,,,,,0.5,,,PASS
823438,2026-07-22 22:40:00+00:00,LAD,PHI,LAD,PHI,0,687221,Dalton Rushing,confirmed,9.0,3.7,605400,0.04878048780487805,0.07317073170731707,0.0641025641025641,0.2048780487804878,0.24878048780487805,0.2780487804878049,0.0975609756097561,0.3174334903846153,96.02725490196077,0.03278688524590164,0.09836065573770492,0.08823529411764706,0.18032786885245902,0.21311475409836064,0.32786885245901637,0.11475409836065574,0.28140491666666667,97.40428571428572,L,0.05621301775147929,0.07396449704142012,0.21005917159763313,0.4719626168224299,0.23372781065088757,0.07396449704142012,0.30983173248302975,101.76733333333335,15.066666666666666,R,0.0,0.0,0.0,0.03,0.06,0.0,0,Citizens Bank Park,78.3,62.0,6.6,0.0,0.0,1.3346998535871155,0.11111244340601292,800,,,,,,,,0.5,,,PASS
822784,2026-07-22 23:07:00+00:00,TB,TOR,TB,TOR,0,650490,Yandy Díaz,confirmed,1.0,4.75,680755,0.033707865168539325,0.056179775280898875,0.03926701570680628,0.19101123595505617,0.21722846441947566,0.13857677902621723,0.09737827715355805,0.3632651280555556,99.6595,0.029850746268656716,0.04477611940298507,0.028846153846153848,0.1791044776119403,0.26865671641791045,0.16417910447761194,0.029850746268656716,0.2887431555555556,97.52000000000001,R,0.0,0.07142857142857142,0.17857142857142858,0.4166666666666667,0.2857142857142857,0.17857142857142858,0.2942777027777778,97.18333333333334,3.3333333333333335,R,3.0,0.0,0.0,0.027906976744186046,0.05581395348837209,0.06976744186046512,1,Rogers Centre,66.0,57.0,7.4,0.0,0.5,0.9543037682052864,0.11080656413953421,802,,,,,,,,0.5,,,PASS
824408,2026-07-22 22:40:00+00:00,MIN,CLE,CLE,MIN,1,800050,Chase DeLauter,confirmed,3.0,4.55,641927,0.022988505747126436,0.038314176245210725,0.028409090909090908,0.18007662835249041,0.2260536398467433,0.1417624521072797,0.08045977011494253,0.33997892527777773,99.23250000000002,0.06060606060606061,0.09090909090909091,0.06666666666666667,0.18181818181818182,0.2727272727272727,0.15151515151515152,0.07575757575757576,0.36602644666666667,100.17733333333334,L,0.040372670807453416,0.07142857142857142,0.20496894409937888,0.5570776255707762,0.18012422360248448,0.06521739130434782,0.32153339448517554,101.98500000000001,16.428571428571427,R,2.0,0.0,0.0,0.02857142857142857,0.05714285714285714,0.047619047619047616,0,Progressive Field,69.7,43.0,6.3,0.0,0.0,0.7764763299170326,0.10987599097401861,810,,,,,,,,0.5,,,PASS
824166,2026-07-23 00:10:00+00:00,MIA,HOU,HOU,MIA,1,673237,Yainer Diaz,confirmed,5.0,4.3,645261,0.032432432432432434,0.043243243243243246,0.03305785123966942,0.13513513513513514,0.1945945945945946,0.16216216216216217,0.02702702702702703,0.29710448703703707,96.84955555555557,0.05,0.05,0.037037037037037035,0.16666666666666666,0.26666666666666666,0.18333333333333332,0.0,0.29660869444444443,98.02666666666666,R,0.02481389578163772,0.04218362282878412,0.14392059553349876,0.5078534031413613,0.19851116625310175,0.05955334987593052,0.30198436147714014,100.92600000000002,18.666666666666668,R,0.0,0.0,0.0,0.03,0.06,0.0,1,Daikin Park,100.1,39.0,4.3,0.0,0.5,1.1110154164154682,0.10981456808641518,811,,,,,,,,0.5,,,PASS
824408,2026-07-22 22:40:00+00:00,MIN,CLE,CLE,MIN,1,700932,Kyle Manzardo,confirmed,6.0,4.15,641927,0.028925619834710745,0.049586776859504134,0.038834951456310676,0.19421487603305784,0.21074380165289255,0.3140495867768595,0.10743801652892562,0.28947339666666666,93.29500000000002,0.01818181818181818,0.03636363636363636,0.025974025974025976,0.16363636363636364,0.16363636363636364,0.2909090909090909,0.09090909090909091,0.27339919888888886,92.38600000000001,L,0.040372670807453416,0.07142857142857142,0.20496894409937888,0.5570776255707762,0.18012422360248448,0.06521739130434782,0.32153339448517554,101.98500000000001,16.428571428571427,R,2.0,0.0,0.0,0.02857142857142857,0.05714285714285714,0.047619047619047616,0,Progressive Field,69.7,43.0,6.3,0.0,0.0,0.7764763299170326,0.10912037401654057,816,,,,,,,,0.5,,,PASS
824896,2026-07-22 23:15:00+00:00,SD,ATL,SD,ATL,0,593428,Xander Bogaerts,confirmed,7.0,4.0,527048,0.008333333333333333,0.03333333333333333,0.029197080291970802,0.125,0.14583333333333334,0.20833333333333334,0.1125,0.2859057958333333,96.10083333333334,0.015384615384615385,0.06153846153846154,0.05405405405405406,0.15384615384615385,0.16923076923076924,0.23076923076923078,0.1076923076923077,0.2898250233333333,99.20599999999997,R,0.026578073089700997,0.046511627906976744,0.17275747508305647,0.41076487252124644,0.16943521594684385,0.10631229235880399,0.33665532148598,101.70357142857145,15.357142857142858,L,2.0,0.0,0.0,0.02857142857142857,0.05714285714285714,0.047619047619047616,0,Truist Park,87.3,58.0,11.0,0.0,0.0,1.288777883041943,0.10741006035677608,831,,,,,,,,0.5,,,PASS
822873,2026-07-23 00:05:00+00:00,CWS,TEX,CWS,TEX,0,805367,Chase Meidroth,confirmed,6.0,4.15,641302,0.01984126984126984,0.027777777777777776,0.020895522388059702,0.1349206349206349,0.29365079365079366,0.23809523809523808,0.08333333333333333,0.2662481133333333,94.09883333333333,0.01694915254237288,0.01694915254237288,0.011764705882352941,0.15254237288135594,0.288135593220339,0.2033898305084746,0.0847457627118644,0.27476550999999994,95.39066666666666,R,0.0,0.0,0.09090909090909091,0.4666666666666667,0.36363636363636365,0.0,0.18186013888888888,96.5,3.0,L,0.0,0.0,0.0,0.03,0.06,0.0,0,Globe Life Field,102.1,38.0,10.1,0.0,0.5,1.1776763414003963,0.1073497028409072,832,,,,,,,,0.5,,,PASS
824408,2026-07-22 22:40:00+00:00,MIN,CLE,CLE,MIN,1,683953,Travis Bazzana,confirmed,5.0,4.3,641927,0.030303030303030304,0.030303030303030304,0.023809523809523808,0.17424242424242425,0.23484848484848486,0.23484848484848486,0.10606060606060606,0.2868995480555555,95.45750000000001,0.028985507246376812,0.028985507246376812,0.02197802197802198,0.13043478260869565,0.17391304347826086,0.2898550724637681,0.11594202898550725,0.27717878333333335,93.706,L,0.040372670807453416,0.07142857142857142,0.20496894409937888,0.5570776255707762,0.18012422360248448,0.06521739130434782,0.32153339448517554,101.98500000000001,16.428571428571427,R,3.0,0.0,0.0,0.027906976744186046,0.05581395348837209,0.06976744186046512,0,Progressive Field,69.7,43.0,6.3,0.0,0.0,0.7764763299170326,0.1050962733593988,852,,,,,,,,0.5,,,PASS
824408,2026-07-22 22:40:00+00:00,MIN,CLE,MIN,CLE,0,686797,Brooks Lee,confirmed,2.0,4.65,677944,0.03488372093023256,0.023255813953488372,0.01675977653631285,0.15891472868217055,0.22868217054263565,0.14728682170542637,0.06976744186046512,0.27781017944444447,95.49333333333333,0.0,0.0,0.0,0.15151515151515152,0.21212121212121213,0.19696969696969696,0.09090909090909091,0.2617340077777778,96.03133333333332,L,0.029239766081871343,0.05555555555555555,0.18128654970760233,0.481981981981982,0.17251461988304093,0.06140350877192982,0.3174674844326743,100.88466666666667,15.4,R,2.0,0.0,0.0,0.02857142857142857,0.05714285714285714,0.047619047619047616,0,Progressive Field,69.7,43.0,6.3,0.0,0.0,0.7764763299170326,0.10285809446200957,872,,,,,,,,0.5,,,PASS
824408,2026-07-22 22:40:00+00:00,MIN,CLE,CLE,MIN,1,677587,Brayan Rocchio,confirmed,4.0,4.45,641927,0.02510460251046025,0.02510460251046025,0.018575851393188854,0.15481171548117154,0.27615062761506276,0.16736401673640167,0.058577405857740586,0.2972161391666666,94.95733333333334,0.0625,0.03125,0.02564102564102564,0.203125,0.21875,0.1875,0.03125,0.2864431877777777,96.09466666666667,R,0.040372670807453416,0.07142857142857142,0.20496894409937888,0.5570776255707762,0.18012422360248448,0.06521739130434782,0.32153339448517554,101.98500000000001,16.428571428571427,R,2.0,0.0,0.0,0.02857142857142857,0.05714285714285714,0.047619047619047616,1,Progressive Field,69.7,43.0,6.3,0.0,0.0,0.7764763299170326,0.10045041436322076,896,,,,,,,,0.5,,,PASS
824896,2026-07-22 23:15:00+00:00,SD,ATL,SD,ATL,0,630105,Jake Cronenworth,confirmed,8.0,3.85,527048,0.01694915254237288,0.03954802259887006,0.03070175438596491,0.15254237288135594,0.192090395480226,0.20903954802259886,0.096045197740113,0.2924510873188407,94.11673913043478,0.03389830508474576,0.05084745762711865,0.04054054054054054,0.2033898305084746,0.22033898305084745,0.2542372881355932,0.05084745762711865,0.2895166588888889,94.62466666666666,L,0.026578073089700997,0.046511627906976744,0.17275747508305647,0.41076487252124644,0.16943521594684385,0.10631229235880399,0.33665532148598,101.70357142857145,15.357142857142858,L,0.0,0.0,0.0,0.03,0.06,0.0,1,Truist Park,87.3,58.0,11.0,0.0,0.0,1.288777883041943,0.09981652984896758,902,,,,,,,,0.5,,,PASS
824408,2026-07-22 22:40:00+00:00,MIN,CLE,MIN,CLE,0,605170,Victor Caratini,confirmed,6.0,4.15,677944,0.02834008097165992,0.044534412955465584,0.03914590747330961,0.1862348178137652,0.20647773279352227,0.19838056680161945,0.0931174089068826,0.3318179783333333,97.05283333333335,0.01639344262295082,0.03278688524590164,0.02857142857142857,0.18032786885245902,0.21311475409836064,0.18032786885245902,0.08196721311475409,0.3020820888888889,97.82200000000002,R,0.029239766081871343,0.05555555555555555,0.18128654970760233,0.481981981981982,0.17251461988304093,0.06140350877192982,0.3174674844326743,100.88466666666667,15.4,R,2.0,0.0,0.0,0.02857142857142857,0.05714285714285714,0.047619047619047616,1,Progressive Field,69.7,43.0,6.3,0.0,0.0,0.7764763299170326,0.09829709651492438,917,,,,,,,,0.5,,,PASS
823438,2026-07-22 22:40:00+00:00,LAD,PHI,LAD,PHI,0,669242,Tommy Edman,confirmed,8.0,3.85,605400,0.011235955056179775,0.056179775280898875,0.04201680672268908,0.15730337078651685,0.2808988764044944,0.19101123595505617,0.07865168539325842,0.37618516746031744,97.50380952380952,0.016129032258064516,0.08064516129032258,0.0625,0.1774193548387097,0.3064516129032258,0.1935483870967742,0.06451612903225806,0.37726603444444445,98.00333333333333,L,0.05621301775147929,0.07396449704142012,0.21005917159763313,0.4719626168224299,0.23372781065088757,0.07396449704142012,0.30983173248302975,101.76733333333335,15.066666666666666,R,0.0,0.0,0.0,0.03,0.06,0.0,0,Citizens Bank Park,78.3,62.0,6.6,0.0,0.0,1.3346998535871155,0.0982820659338013,917,,,,,,,,0.5,,,PASS
824408,2026-07-22 22:40:00+00:00,MIN,CLE,CLE,MIN,1,682177,Daniel Schneemann,confirmed,7.0,4.0,641927,0.021929824561403508,0.039473684210526314,0.031914893617021274,0.15350877192982457,0.2412280701754386,0.30701754385964913,0.09210526315789473,0.2685905272222222,93.94203389830508,0.0,0.018518518518518517,0.014285714285714285,0.1111111111111111,0.25925925925925924,0.3333333333333333,0.07407407407407407,0.21550879222222225,94.34799999999998,L,0.040372670807453416,0.07142857142857142,0.20496894409937888,0.5570776255707762,0.18012422360248448,0.06521739130434782,0.32153339448517554,101.98500000000001,16.428571428571427,R,2.0,0.0,0.0,0.02857142857142857,0.05714285714285714,0.047619047619047616,0,Progressive Field,69.7,43.0,6.3,0.0,0.0,0.7764763299170326,0.09707817901607328,930,,,,,,,,0.5,,,PASS
824408,2026-07-22 22:40:00+00:00,MIN,CLE,CLE,MIN,1,672275,Patrick Bailey,confirmed,8.0,3.85,641927,0.01990049751243781,0.04975124378109453,0.0364963503649635,0.1691542288557214,0.2736318407960199,0.2537313432835821,0.05970149253731343,0.2698871011111111,95.80779661016949,0.038461538461538464,0.057692307692307696,0.04225352112676056,0.21153846153846154,0.3076923076923077,0.21153846153846154,0.057692307692307696,0.28601808777777776,98.13066666666666,L,0.040372670807453416,0.07142857142857142,0.20496894409937888,0.5570776255707762,0.18012422360248448,0.06521739130434782,0.32153339448517554,101.98500000000001,16.428571428571427,R,2.0,0.0,0.0,0.02857142857142857,0.05714285714285714,0.047619047619047616,0,Progressive Field,69.7,43.0,6.3,0.0,0.0,0.7764763299170326,0.09706134786715016,930,,,,,,,,0.5,,,PASS
824408,2026-07-22 22:40:00+00:00,MIN,CLE,MIN,CLE,0,702176,Alan Roden,confirmed,7.0,4.0,677944,0.0,0.045454545454545456,0.034482758620689655,0.2727272727272727,0.36363636363636365,0.18181818181818182,0.13636363636363635,0.279668,93.25999999999999,0.0,0.045454545454545456,0.034482758620689655,0.2727272727272727,0.36363636363636365,0.18181818181818182,0.13636363636363635,0.279668,93.25999999999999,L,0.029239766081871343,0.05555555555555555,0.18128654970760233,0.481981981981982,0.17251461988304093,0.06140350877192982,0.3174674844326743,100.88466666666667,15.4,R,2.0,0.0,0.0,0.02857142857142857,0.05714285714285714,0.047619047619047616,0,Progressive Field,69.7,43.0,6.3,0.0,0.0,0.7764763299170326,0.09643098477474524,937,,,,,,,,0.5,,,PASS
822784,2026-07-22 23:07:00+00:00,TB,TOR,TB,TOR,0,656775,Cedric Mullins,confirmed,4.0,4.45,680755,0.040160642570281124,0.0321285140562249,0.02476780185758514,0.18473895582329317,0.20883534136546184,0.20080321285140562,0.10040160642570281,0.2760488536111111,93.56649999999998,0.06557377049180328,0.03278688524590164,0.02666666666666667,0.16393442622950818,0.13114754098360656,0.26229508196721313,0.08196721311475409,0.23442715333333336,91.67799999999998,L,0.0,0.07142857142857142,0.17857142857142858,0.4166666666666667,0.2857142857142857,0.17857142857142858,0.2942777027777778,97.18333333333334,3.3333333333333335,R,1.0,0.0,0.0,0.029268292682926828,0.058536585365853655,0.024390243902439025,0,Rogers Centre,66.0,57.0,7.4,0.0,0.5,0.9543037682052864,0.095417183524036,948,,,,,,,,0.5,,,PASS
823438,2026-07-22 22:40:00+00:00,LAD,PHI,LAD,PHI,0,663656,Kyle Tucker,confirmed,6.0,4.15,605400,0.012244897959183673,0.02857142857142857,0.020348837209302327,0.1510204081632653,0.20816326530612245,0.19183673469387755,0.12653061224489795,0.3354215419444444,94.47049999999997,0.0,0.03333333333333333,0.024096385542168676,0.11666666666666667,0.26666666666666666,0.1,0.11666666666666667,0.3549400977777778,94.29600000000002,L,0.05621301775147929,0.07396449704142012,0.21005917159763313,0.4719626168224299,0.23372781065088757,0.07396449704142012,0.30983173248302975,101.76733333333335,15.066666666666666,R,0.0,0.0,0.0,0.03,0.06,0.0,0,Citizens Bank Park,78.3,62.0,6.6,0.0,0.0,1.3346998535871155,0.09481840844083737,955,,,,,,,,0.5,,,PASS
824896,2026-07-22 23:15:00+00:00,SD,ATL,ATL,SD,1,643289,Mauricio Dubón,confirmed,7.0,4.0,650633,0.03125,0.03125,0.0199501246882793,0.1328125,0.328125,0.13671875,0.06640625,0.31139325388888894,94.40083333333332,0.030303030303030304,0.015151515151515152,0.009345794392523364,0.07575757575757576,0.24242424242424243,0.16666666666666666,0.06060606060606061,0.2614758377777778,94.37133333333334,R,0.028328611898016998,0.056657223796033995,0.1558073654390935,0.5231481481481481,0.19830028328611898,0.08781869688385269,0.3308222114793344,100.14333333333333,16.866666666666667,R,3.0,0.0,0.0,0.027906976744186046,0.05581395348837209,0.06976744186046512,1,Truist Park,87.3,58.0,11.0,0.0,0.0,1.288777883041943,0.08780976379362072,1039,,,,,,,,0.5,,,PASS
822873,2026-07-23 00:05:00+00:00,CWS,TEX,CWS,TEX,0,700337,Edgar Quero,confirmed,8.0,3.85,641302,0.012578616352201259,0.018867924528301886,0.014285714285714285,0.10062893081761007,0.32075471698113206,0.23270440251572327,0.06918238993710692,0.2576694379166667,95.42949999999999,0.017543859649122806,0.03508771929824561,0.02857142857142857,0.10526315789473684,0.3684210526315789,0.19298245614035087,0.05263157894736842,0.29042285999999995,96.75133333333335,L,0.0,0.0,0.09090909090909091,0.4666666666666667,0.36363636363636365,0.0,0.18186013888888888,96.5,3.0,L,0.0,0.0,0.0,0.03,0.06,0.0,1,Globe Life Field,102.1,38.0,10.1,0.0,0.5,1.1776763414003963,0.08742137060796072,1044,,,,,,,,0.5,,,PASS
823438,2026-07-22 22:40:00+00:00,LAD,PHI,PHI,LAD,1,665561,Rafael Marchán,confirmed,9.0,3.7,641778,0.02531645569620253,0.02531645569620253,0.01694915254237288,0.11392405063291139,0.24050632911392406,0.1518987341772152,0.02531645569620253,0.20958149242424245,92.83863636363637,0.0196078431372549,0.0196078431372549,0.012195121951219513,0.0784313725490196,0.23529411764705882,0.11764705882352941,0.0392156862745098,0.23770860555555554,91.926,L,0.05343511450381679,0.06870229007633588,0.19083969465648856,0.6299212598425197,0.14122137404580154,0.08015267175572519,0.328544381541923,100.045,14.916666666666666,L,0.0,0.0,0.0,0.03,0.06,0.0,1,Citizens Bank Park,78.3,62.0,6.6,0.0,0.0,1.3346998535871155,0.08718476423375614,1047,,,,,,,,0.5,,,PASS
822873,2026-07-23 00:05:00+00:00,CWS,TEX,CWS,TEX,0,671976,Tristan Peters,confirmed,9.0,3.7,641302,0.027906976744186046,0.04186046511627907,0.029508196721311476,0.18604651162790697,0.24186046511627907,0.15813953488372093,0.06511627906976744,0.2998742208333334,92.84033333333332,0.034482758620689655,0.05172413793103448,0.04225352112676056,0.22413793103448276,0.25862068965517243,0.1896551724137931,0.05172413793103448,0.32025673888888895,95.264,L,0.0,0.0,0.09090909090909091,0.4666666666666667,0.36363636363636365,0.0,0.18186013888888888,96.5,3.0,L,0.0,0.0,0.0,0.03,0.06,0.0,1,Globe Life Field,102.1,38.0,10.1,0.0,0.5,1.1776763414003963,0.08066235026356605,1140,,,,,,,,0.5,,,PASS
824896,2026-07-22 23:15:00+00:00,SD,ATL,ATL,SD,1,805347,Jim Jarvis,confirmed,8.0,3.85,650633,0.0196078431372549,0.058823529411764705,0.039473684210526314,0.0784313725490196,0.27450980392156865,0.17647058823529413,0.0392156862745098,0.28750914761904767,93.40785714285714,0.0196078431372549,0.058823529411764705,0.039473684210526314,0.0784313725490196,0.27450980392156865,0.17647058823529413,0.0392156862745098,0.28750914761904767,93.40785714285714,L,0.028328611898016998,0.056657223796033995,0.1558073654390935,0.5231481481481481,0.19830028328611898,0.08781869688385269,0.3308222114793344,100.14333333333333,16.866666666666667,R,0.0,0.0,0.0,0.03,0.06,0.0,0,Truist Park,87.3,58.0,11.0,0.0,0.0,1.288777883041943,0.08037251752287851,1144,,,,,,,,0.5,,,PASS
824408,2026-07-22 22:40:00+00:00,MIN,CLE,MIN,CLE,0,656577,Alex Jackson,confirmed,9.0,3.7,677944,0.018867924528301886,0.018867924528301886,0.013333333333333334,0.1320754716981132,0.20754716981132076,0.2830188679245283,0.0,0.20213294444444443,93.50666666666667,0.018867924528301886,0.018867924528301886,0.013333333333333334,0.1320754716981132,0.20754716981132076,0.2830188679245283,0.0,0.20213294444444443,93.50666666666667,R,0.029239766081871343,0.05555555555555555,0.18128654970760233,0.481981981981982,0.17251461988304093,0.06140350877192982,0.3174674844326743,100.88466666666667,15.4,R,0.0,0.0,0.0,0.03,0.06,0.0,1,Progressive Field,69.7,43.0,6.3,0.0,0.0,0.7764763299170326,0.07901079085384993,1166,,,,,,,,0.5,,,PASS
824408,2026-07-22 22:40:00+00:00,MIN,CLE,CLE,MIN,1,690984,Petey Halpin,confirmed,9.0,3.7,641927,0.029411764705882353,0.07352941176470588,0.053763440860215055,0.19117647058823528,0.3088235294117647,0.2647058823529412,0.029411764705882353,0.26245076228070174,91.78578947368422,0.0392156862745098,0.0784313725490196,0.05970149253731343,0.21568627450980393,0.29411764705882354,0.27450980392156865,0.0196078431372549,0.26884300555555557,91.53866666666667,L,0.040372670807453416,0.07142857142857142,0.20496894409937888,0.5570776255707762,0.18012422360248448,0.06521739130434782,0.32153339448517554,101.98500000000001,16.428571428571427,R,0.0,0.0,0.0,0.03,0.06,0.0,0,Progressive Field,69.7,43.0,6.3,0.0,0.0,0.7764763299170326,0.07557699143398407,1223,,,,,,,,0.5,,,PASS
824896,2026-07-22 23:15:00+00:00,SD,ATL,SD,ATL,0,687749,Jase Bowen,confirmed,9.0,3.7,527048,0.0,0.023809523809523808,0.02857142857142857,0.047619047619047616,0.19047619047619047,0.35714285714285715,0.047619047619047616,0.20734665972222222,87.81083333333333,0.0,0.023809523809523808,0.02857142857142857,0.047619047619047616,0.19047619047619047,0.35714285714285715,0.047619047619047616,0.20734665972222222,87.81083333333333,R,0.026578073089700997,0.046511627906976744,0.17275747508305647,0.41076487252124644,0.16943521594684385,0.10631229235880399,0.33665532148598,101.70357142857145,15.357142857142858,L,2.0,0.0,0.0,0.02857142857142857,0.05714285714285714,0.047619047619047616,0,Truist Park,87.3,58.0,11.0,0.0,0.0,1.288777883041943,0.07164866582596609,1296,,,,,,,,0.5,,,PASS
822873,2026-07-23 00:05:00+00:00,CWS,TEX,TEX,CWS,1,695508,Cam Cauley,confirmed,6.0,4.15,641743,0.0,0.0,0.0,0.1111111111111111,0.18518518518518517,0.18518518518518517,0.1111111111111111,0.2803224770833333,90.59625,0.0,0.0,0.0,0.1111111111111111,0.18518518518518517,0.18518518518518517,0.1111111111111111,0.2803224770833333,90.59625,R,0.02786377708978328,0.05572755417956656,0.1393188854489164,0.46601941747572817,0.19504643962848298,0.0804953560371517,0.32548986253955603,100.73933333333335,14.133333333333333,L,0.0,0.0,0.0,0.03,0.06,0.0,0,Globe Life Field,102.1,38.0,10.1,0.0,0.5,1.1776763414003963,0.06963905851264197,1336,,,,,,,,0.5,,,PASS
824408,2026-07-22 22:40:00+00:00,MIN,CLE,MIN,CLE,0,807712,Luke Keaschall,confirmed,8.0,3.85,677944,0.01276595744680851,0.02127659574468085,0.01730103806228374,0.1574468085106383,0.2297872340425532,0.14468085106382977,0.11914893617021277,0.30632332333333334,93.84633333333332,0.03508771929824561,0.017543859649122806,0.014705882352941176,0.10526315789473684,0.2982456140350877,0.14035087719298245,0.10526315789473684,0.3195695311111111,93.17466666666665,R,0.029239766081871343,0.05555555555555555,0.18128654970760233,0.481981981981982,0.17251461988304093,0.06140350877192982,0.3174674844326743,100.88466666666667,15.4,R,2.0,0.0,0.0,0.02857142857142857,0.05714285714285714,0.047619047619047616,1,Progressive Field,69.7,43.0,6.3,0.0,0.0,0.7764763299170326,0.06657855480318366,1402,,,,,,,,0.5,,,PASS
822784,2026-07-22 23:07:00+00:00,TB,TOR,TB,TOR,0,670764,Taylor Walls,confirmed,7.0,4.0,680755,0.0,0.022222222222222223,0.018115942028985508,0.10222222222222223,0.2222222222222222,0.24444444444444444,0.12444444444444444,0.2585296302777778,90.395,0.0,0.0,0.0,0.10526315789473684,0.19298245614035087,0.2807017543859649,0.07017543859649122,0.22638823777777783,90.56999999999998,L,0.0,0.07142857142857142,0.17857142857142858,0.4166666666666667,0.2857142857142857,0.17857142857142858,0.2942777027777778,97.18333333333334,3.3333333333333335,R,3.0,0.0,0.0,0.027906976744186046,0.05581395348837209,0.06976744186046512,0,Rogers Centre,66.0,57.0,7.4,0.0,0.5,0.9543037682052864,0.06439767229955246,1453,,,,,,,,0.5,,,PASS
823438,2026-07-22 22:40:00+00:00,LAD,PHI,PHI,LAD,1,650559,Bryan De La Cruz,confirmed,7.0,4.0,641778,0.0,0.0,0.0,0.0,0.0,0.0,0.0,,,0.0,0.0,0.0,0.0,0.0,0.0,0.0,,,,0.05343511450381679,0.06870229007633588,0.19083969465648856,0.6299212598425197,0.14122137404580154,0.08015267175572519,0.328544381541923,100.045,14.916666666666666,L,0.0,0.0,0.0,0.03,0.06,0.0,0,Citizens Bank Park,78.3,62.0,6.6,0.0,0.0,1.3346998535871155,0.06273595297343504,1494,,,,,,,,0.5,,,PASS
824166,2026-07-23 00:10:00+00:00,MIA,HOU,HOU,MIA,1,669397,Nick Allen,confirmed,8.0,3.85,645261,0.0125,0.0125,0.011363636363636364,0.0875,0.175,0.2,0.075,0.2365056286666667,89.92120000000001,0.0,0.02040816326530612,0.017543859649122806,0.10204081632653061,0.20408163265306123,0.24489795918367346,0.061224489795918366,0.19578149999999997,86.67399999999999,R,0.02481389578163772,0.04218362282878412,0.14392059553349876,0.5078534031413613,0.19851116625310175,0.05955334987593052,0.30198436147714014,100.92600000000002,18.666666666666668,R,0.0,0.0,0.0,0.03,0.06,0.0,1,Daikin Park,100.1,39.0,4.3,0.0,0.5,1.1110154164154682,0.06255390250267198,1499,,,,,,,,0.5,,,PASS
822873,2026-07-23 00:05:00+00:00,CWS,TEX,TEX,CWS,1,696030,Alejandro Osuna,confirmed,8.0,3.85,641743,0.0053475935828877,0.0053475935828877,0.00411522633744856,0.0855614973262032,0.2192513368983957,0.13368983957219252,0.0855614973262032,0.31985639245283015,93.66264150943395,0.016129032258064516,0.016129032258064516,0.0125,0.08064516129032258,0.24193548387096775,0.0967741935483871,0.06451612903225806,0.2989967822222222,95.57266666666668,L,0.02786377708978328,0.05572755417956656,0.1393188854489164,0.46601941747572817,0.19504643962848298,0.0804953560371517,0.32548986253955603,100.73933333333335,14.133333333333333,L,0.0,0.0,0.0,0.03,0.06,0.0,1,Globe Life Field,102.1,38.0,10.1,0.0,0.5,1.1776763414003963,0.06176525684134419,1519,,,,,,,,0.5,,,PASS
822784,2026-07-22 23:07:00+00:00,TB,TOR,TB,TOR,0,676439,Hunter Feduccia,confirmed,9.0,3.7,680755,0.014705882352941176,0.051470588235294115,0.03954802259887006,0.16911764705882354,0.2426470588235294,0.2867647058823529,0.09558823529411764,0.3060618666666667,93.19227272727272,0.020833333333333332,0.0625,0.047619047619047616,0.10416666666666667,0.2708333333333333,0.25,0.10416666666666667,0.3277311222222222,94.39066666666666,L,0.0,0.07142857142857142,0.17857142857142858,0.4166666666666667,0.2857142857142857,0.17857142857142858,0.2942777027777778,97.18333333333334,3.3333333333333335,R,0.0,0.0,0.0,0.03,0.06,0.0,0,Rogers Centre,66.0,57.0,7.4,0.0,0.5,0.9543037682052864,0.05988036927551567,1570,,,,,,,,0.5,,,PASS
824166,2026-07-23 00:10:00+00:00,MIA,HOU,HOU,MIA,1,543877,Christian Vázquez,confirmed,9.0,3.7,645261,0.026881720430107527,0.010752688172043012,0.007722007722007722,0.10215053763440861,0.2903225806451613,0.1774193548387097,0.06989247311827956,0.23592857547169807,91.82962264150942,0.020833333333333332,0.0,0.0,0.10416666666666667,0.3333333333333333,0.22916666666666666,0.0625,0.2425526111111111,91.22933333333334,R,0.02481389578163772,0.04218362282878412,0.14392059553349876,0.5078534031413613,0.19851116625310175,0.05955334987593052,0.30198436147714014,100.92600000000002,18.666666666666668,R,0.0,0.0,0.0,0.03,0.06,0.0,1,Daikin Park,100.1,39.0,4.3,0.0,0.5,1.1110154164154682,0.058644938561693824,1605,,,,,,,,0.5,,,PASS
822784,2026-07-22 23:07:00+00:00,TB,TOR,TB,TOR,0,680700,Richie Palacios,confirmed,8.0,3.85,680755,0.013452914798206279,0.026905829596412557,0.02120141342756184,0.1210762331838565,0.24663677130044842,0.17937219730941703,0.1210762331838565,0.31775700527777784,92.37661016949151,0.03636363636363636,0.03636363636363636,0.02857142857142857,0.10909090909090909,0.3090909090909091,0.12727272727272726,0.10909090909090909,0.3346933544444444,89.30066666666666,L,0.0,0.07142857142857142,0.17857142857142858,0.4166666666666667,0.2857142857142857,0.17857142857142858,0.2942777027777778,97.18333333333334,3.3333333333333335,R,2.0,0.0,0.0,0.02857142857142857,0.05714285714285714,0.047619047619047616,0,Rogers Centre,66.0,57.0,7.4,0.0,0.5,0.9543037682052864,0.055676542897723814,1696,,,,,,,,0.5,,,PASS
824408,2026-07-22 22:40:00+00:00,MIN,CLE,CLE,MIN,1,680757,Steven Kwan,confirmed,1.0,4.75,641927,0.0,0.0,0.0,0.0375,0.2916666666666667,0.0875,0.1375,0.32398103638888887,89.60350000000001,0.0,0.0,0.0,0.0,0.25,0.05357142857142857,0.16071428571428573,0.39714103111111115,88.19800000000001,L,0.040372670807453416,0.07142857142857142,0.20496894409937888,0.5570776255707762,0.18012422360248448,0.06521739130434782,0.32153339448517554,101.98500000000001,16.428571428571427,R,2.0,0.0,0.0,0.02857142857142857,0.05714285714285714,0.047619047619047616,0,Progressive Field,69.7,43.0,6.3,0.0,0.0,0.7764763299170326,0.03790271922771795,2538,,,,,,,,0.5,,,PASS
822873,2026-07-23 00:05:00+00:00,CWS,TEX,TEX,CWS,1,670032,Nicky Lopez,confirmed,9.0,3.7,641743,0.007751937984496124,0.0,0.0,0.03875968992248062,0.24031007751937986,0.13178294573643412,0.031007751937984496,0.25248858963963966,91.23135135135136,0.0,0.0,0.0,0.0,0.24,0.12,0.02,0.2578580388888889,91.37733333333334,L,0.02786377708978328,0.05572755417956656,0.1393188854489164,0.46601941747572817,0.19504643962848298,0.0804953560371517,0.32548986253955603,100.73933333333335,14.133333333333333,L,0.0,0.0,0.0,0.03,0.06,0.0,1,Globe Life Field,102.1,38.0,10.1,0.0,0.5,1.1776763414003963,0.03777639727996504,2547,,,,,,,,0.5,,,PASS
822784,2026-07-22 23:07:00+00:00,TB,TOR,TB,TOR,0,802415,Chandler Simpson,confirmed,5.0,4.3,680755,0.0,0.0,0.0,0.028225806451612902,0.18951612903225806,0.10080645161290322,0.04435483870967742,0.24980319,90.61933333333333,0.0,0.0,0.0,0.03333333333333333,0.2833333333333333,0.05,0.016666666666666666,0.28940853333333333,90.51933333333334,L,0.0,0.07142857142857142,0.17857142857142858,0.4166666666666667,0.2857142857142857,0.17857142857142858,0.2942777027777778,97.18333333333334,3.3333333333333335,R,1.0,0.0,0.0,0.029268292682926828,0.058536585365853655,0.024390243902439025,0,Rogers Centre,66.0,57.0,7.4,0.0,0.5,0.9543037682052864,0.0335466142261728,2881,,,,,,,,0.5,,,PASS
