game_pk,game_datetime,away_team,home_team,team,opponent,is_home,player_id,player_name,lineup_status,batting_order,expected_pa,opposing_starter_id,batter_hr_pa_long,batter_barrel_pa_long,batter_barrel_bbe_long,batter_hard_air_pa_long,batter_sweet_pa_long,batter_k_rate_long,batter_bb_rate_long,batter_xwoba_long,batter_ev90_long,batter_hr_pa_recent,batter_barrel_pa_recent,batter_barrel_bbe_recent,batter_hard_air_pa_recent,batter_sweet_pa_recent,batter_k_rate_recent,batter_bb_rate_recent,batter_xwoba_recent,batter_ev90_recent,batter_hand,bvp_pa,bvp_hr,bvp_barrels,bvp_hr_shrunk,bvp_barrel_shrunk,bvp_reliability,same_hand,venue,temperature_f,humidity_pct,wind_speed_mph,precipitation_in,roof_control_factor,park_hr_factor,pitcher_hr_bf,pitcher_barrel_bf,pitcher_hard_air_bf,pitcher_fly_rate,pitcher_k_rate,pitcher_bb_rate,pitcher_xwoba,pitcher_ev90,pitcher_outs,opposing_pitcher_hand,home_run_probability,fair_odds,point,over_odds,under_odds,over_no_vig_probability,under_no_vig_probability,over_book,under_book,line,market_edge,ev_per_unit,signal
824979,2026-07-19 02:05:00+00:00,WSH,ATH,WSH,ATH,0,695578,James Wood,confirmed,1.0,4.75,669372,0.06405693950177936,0.11387900355871886,0.10289389067524116,0.2526690391459075,0.23487544483985764,0.2669039145907473,0.16370106761565836,0.4419718608333334,100.54599999999999,0.10810810810810811,0.10810810810810811,0.09411764705882353,0.24324324324324326,0.24324324324324326,0.21621621621621623,0.25675675675675674,0.5310976977777778,102.08066666666667,L,0.0,0.0,0.0,0.03,0.06,0.0,0,Sutter Health Park,87.2,24.0,9.4,0.0,0.0,1.45,0.025787965616045846,0.04297994269340974,0.15759312320916904,0.425,0.2177650429799427,0.10888252148997135,0.3215942027885721,99.59999999999997,16.133333333333333,R,0.24123672681642963,315,,,,,,,,0.5,,,HR WATCH
824412,2026-07-18 23:10:00+00:00,PIT,CLE,PIT,CLE,0,699013,Esmerlyn Valdez,confirmed,4.0,4.45,671106,0.09090909090909091,0.16161616161616163,0.14545454545454545,0.24242424242424243,0.2828282828282828,0.35353535353535354,0.10101010101010101,0.35475189027777776,98.83875,0.10144927536231885,0.17391304347826086,0.14814814814814814,0.21739130434782608,0.2898550724637681,0.30434782608695654,0.11594202898550725,0.40786983666666665,98.91933333333331,R,0.0,0.0,0.0,0.03,0.06,0.0,0,Progressive Field,79.0,77.0,8.6,0.0,0.0,0.7371285892634207,,,,,,,,,,,0.2240984819019947,346,,,,,,,,0.5,,,HR WATCH
824979,2026-07-19 02:05:00+00:00,WSH,ATH,ATH,WSH,1,669127,Shea Langeliers,confirmed,3.0,4.55,641793,0.05204460966542751,0.11152416356877323,0.09404388714733543,0.20446096654275092,0.23048327137546468,0.21189591078066913,0.07434944237918216,0.3430753787301588,98.0625,0.04918032786885246,0.08196721311475409,0.07352941176470588,0.16393442622950818,0.22950819672131148,0.4262295081967213,0.06557377049180328,0.29394738333333337,92.85933333333332,R,0.0,0.0,0.0,0.03,0.06,0.0,1,Sutter Health Park,87.2,24.0,9.4,0.0,0.0,1.45,0.07142857142857142,0.10714285714285714,0.25396825396825395,0.6081081081081081,0.1388888888888889,0.07539682539682539,0.4242962811209265,102.25583333333333,13.916666666666666,R,0.2190460845339021,357,,,,,,,,0.5,,,HR WATCH
824979,2026-07-19 02:05:00+00:00,WSH,ATH,ATH,WSH,1,691016,Tyler Soderstrom,confirmed,2.0,4.65,641793,0.05179282868525897,0.07569721115537849,0.06129032258064516,0.17131474103585656,0.2151394422310757,0.16334661354581673,0.13545816733067728,0.3524789122222222,97.92800000000001,0.05172413793103448,0.05172413793103448,0.046875,0.15517241379310345,0.1896551724137931,0.1724137931034483,0.1724137931034483,0.3801749611111111,97.18199999999999,L,0.0,0.0,0.0,0.03,0.06,0.0,0,Sutter Health Park,87.2,24.0,9.4,0.0,0.0,1.45,0.07142857142857142,0.10714285714285714,0.25396825396825395,0.6081081081081081,0.1388888888888889,0.07539682539682539,0.4242962811209265,102.25583333333333,13.916666666666666,R,0.19968227521495205,401,,,,,,,,0.5,,,HR WATCH
824979,2026-07-19 02:05:00+00:00,WSH,ATH,WSH,ATH,0,671277,Luis García Jr.,confirmed,2.0,4.65,669372,0.07627118644067797,0.09322033898305085,0.06303724928366762,0.2033898305084746,0.22033898305084745,0.15677966101694915,0.05084745762711865,0.35286450999999996,98.49049999999998,0.13846153846153847,0.15384615384615385,0.1,0.27692307692307694,0.2153846153846154,0.13846153846153847,0.09230769230769231,0.46142811222222224,98.54733333333334,L,0.0,0.0,0.0,0.03,0.06,0.0,0,Sutter Health Park,87.2,24.0,9.4,0.0,0.0,1.45,0.025787965616045846,0.04297994269340974,0.15759312320916904,0.425,0.2177650429799427,0.10888252148997135,0.3215942027885721,99.59999999999997,16.133333333333333,R,0.16795440280649931,495,,,,,,,,0.5,,,HR WATCH
824008,2026-07-19 02:07:00+00:00,DET,LAA,LAA,DET,1,687263,Zach Neto,confirmed,1.0,4.75,669373,0.052434456928838954,0.08239700374531835,0.06769230769230769,0.23220973782771537,0.22846441947565543,0.30711610486891383,0.08614232209737828,0.3140660883333333,96.74649999999998,0.03125,0.078125,0.05813953488372093,0.265625,0.1875,0.265625,0.078125,0.29310776,97.41333333333334,R,0.0,0.0,0.0,0.03,0.06,0.0,0,Angel Stadium,76.2,67.0,7.7,0.0,0.0,0.6672284644194756,0.03355704697986577,0.04697986577181208,0.1610738255033557,0.5115681233933161,0.2986577181208054,0.03691275167785235,0.2725821274599147,99.51923076923079,17.384615384615383,L,0.1625834963678566,515,,,,,,,,0.5,,,HR WATCH
824979,2026-07-19 02:05:00+00:00,WSH,ATH,WSH,ATH,0,682928,CJ Abrams,confirmed,4.0,4.45,669372,0.04597701149425287,0.06130268199233716,0.045845272206303724,0.26053639846743293,0.26436781609195403,0.22988505747126436,0.06513409961685823,0.3107351705952381,97.57016666666667,0.04477611940298507,0.05970149253731343,0.04597701149425287,0.23880597014925373,0.29850746268656714,0.26865671641791045,0.05970149253731343,0.30339184,96.246,L,0.0,0.0,0.0,0.03,0.06,0.0,0,Sutter Health Park,87.2,24.0,9.4,0.0,0.0,1.45,0.025787965616045846,0.04297994269340974,0.15759312320916904,0.425,0.2177650429799427,0.10888252148997135,0.3215942027885721,99.59999999999997,16.133333333333333,R,0.15975461418383557,526,,,,,,,,0.5,,,PASS
824979,2026-07-19 02:05:00+00:00,WSH,ATH,WSH,ATH,0,677588,José Tena,confirmed,3.0,4.55,669372,0.018867924528301886,0.050314465408805034,0.04371584699453552,0.16352201257861634,0.18238993710691823,0.2830188679245283,0.08176100628930817,0.29029869696969696,96.85522727272728,0.018867924528301886,0.03773584905660377,0.03225806451612903,0.1509433962264151,0.1320754716981132,0.24528301886792453,0.09433962264150944,0.3357898444444443,97.26266666666669,L,0.0,0.0,0.0,0.03,0.06,0.0,0,Sutter Health Park,87.2,24.0,9.4,0.0,0.0,1.45,0.025787965616045846,0.04297994269340974,0.15759312320916904,0.425,0.2177650429799427,0.10888252148997135,0.3215942027885721,99.59999999999997,16.133333333333333,R,0.15731249476911416,536,,,,,,,,0.5,,,PASS
824412,2026-07-18 23:10:00+00:00,PIT,CLE,CLE,PIT,1,656555,Rhys Hoskins,confirmed,4.0,4.45,682254,0.03765690376569038,0.06276150627615062,0.05357142857142857,0.23430962343096234,0.18410041841004185,0.301255230125523,0.14644351464435146,0.286404206779661,96.34813559322035,0.04838709677419355,0.04838709677419355,0.045454545454545456,0.1774193548387097,0.14516129032258066,0.3870967741935484,0.11290322580645161,0.2498368577777778,96.14599999999999,R,0.0,0.0,0.0,0.03,0.06,0.0,0,Progressive Field,79.0,77.0,8.6,0.0,0.0,0.7371285892634207,0.0,0.058823529411764705,0.23529411764705882,0.5555555555555556,0.4117647058823529,0.11764705882352941,0.22392475,99.24000000000001,3.0,L,0.15659293694972,539,,,,,,,,0.5,,,PASS
824979,2026-07-19 02:05:00+00:00,WSH,ATH,ATH,WSH,1,622268,Donovan Walton,confirmed,6.0,4.15,641793,0.030927835051546393,0.041237113402061855,0.028169014084507043,0.23711340206185566,0.29896907216494845,0.1958762886597938,0.061855670103092786,0.30242653,95.49680000000001,0.05454545454545454,0.01818181818181818,0.012345679012345678,0.2,0.3090909090909091,0.18181818181818182,0.07272727272727272,0.30950153888888887,95.48933333333335,L,0.0,0.0,0.0,0.03,0.06,0.0,0,Sutter Health Park,87.2,24.0,9.4,0.0,0.0,1.45,0.07142857142857142,0.10714285714285714,0.25396825396825395,0.6081081081081081,0.1388888888888889,0.07539682539682539,0.4242962811209265,102.25583333333333,13.916666666666666,R,0.15658279102940567,539,,,,,,,,0.5,,,PASS
824979,2026-07-19 02:05:00+00:00,WSH,ATH,ATH,WSH,1,666126,Carlos Cortes,confirmed,4.0,4.45,641793,0.02830188679245283,0.0660377358490566,0.04778156996587031,0.14622641509433962,0.32075471698113206,0.12735849056603774,0.09433962264150944,0.3391435133333333,96.98309090909092,0.017241379310344827,0.034482758620689655,0.024691358024691357,0.10344827586206896,0.3448275862068966,0.20689655172413793,0.034482758620689655,0.24256182777777777,96.96933333333335,L,0.0,0.0,0.0,0.03,0.06,0.0,0,Sutter Health Park,87.2,24.0,9.4,0.0,0.0,1.45,0.07142857142857142,0.10714285714285714,0.25396825396825395,0.6081081081081081,0.1388888888888889,0.07539682539682539,0.4242962811209265,102.25583333333333,13.916666666666666,R,0.1523553214773865,556,,,,,,,,0.5,,,PASS
823116,2026-07-19 00:08:00+00:00,SF,SEA,SF,SEA,0,805811,Bryce Eldridge,confirmed,2.0,4.65,693433,0.0410958904109589,0.0821917808219178,0.06666666666666667,0.2557077625570776,0.2100456621004566,0.2465753424657534,0.1232876712328767,0.36031756949685534,97.9490566037736,0.04838709677419355,0.0967741935483871,0.08823529411764706,0.22580645161290322,0.24193548387096775,0.3225806451612903,0.0967741935483871,0.36023067444444457,98.45000000000002,L,0.0,0.0,0.0,0.03,0.06,0.0,0,T-Mobile Park,71.2,57.0,7.0,0.0,0.5,0.65,0.028089887640449437,0.05337078651685393,0.19101123595505617,0.5010060362173038,0.23876404494382023,0.0449438202247191,0.3115395700414429,100.87533333333332,17.2,R,0.15123164399118774,561,,,,,,,,0.5,,,PASS
824008,2026-07-19 02:07:00+00:00,DET,LAA,LAA,DET,1,545361,Mike Trout,confirmed,2.0,4.65,669373,0.04059040590405904,0.08856088560885608,0.07717041800643087,0.17712177121771217,0.22509225092250923,0.26199261992619927,0.18081180811808117,0.3636040997222223,96.65483333333333,0.056338028169014086,0.08450704225352113,0.07058823529411765,0.18309859154929578,0.23943661971830985,0.28169014084507044,0.09859154929577464,0.36039242888888895,98.38466666666666,R,0.0,0.0,0.0,0.03,0.06,0.0,0,Angel Stadium,76.2,67.0,7.7,0.0,0.0,0.6672284644194756,0.03355704697986577,0.04697986577181208,0.1610738255033557,0.5115681233933161,0.2986577181208054,0.03691275167785235,0.2725821274599147,99.51923076923079,17.384615384615383,L,0.14533653478718414,588,,,,,,,,0.5,,,PASS
823116,2026-07-19 00:08:00+00:00,SF,SEA,SF,SEA,0,646240,Rafael Devers,confirmed,4.0,4.45,693433,0.06130268199233716,0.08812260536398467,0.07098765432098765,0.25287356321839083,0.3065134099616858,0.26436781609195403,0.1111111111111111,0.36468531884920635,99.2795,0.07692307692307693,0.1076923076923077,0.0958904109589041,0.2153846153846154,0.3230769230769231,0.18461538461538463,0.16923076923076924,0.4358021866666667,101.70333333333335,L,0.0,0.0,0.0,0.03,0.06,0.0,0,T-Mobile Park,71.2,57.0,7.0,0.0,0.5,0.65,0.028089887640449437,0.05337078651685393,0.19101123595505617,0.5010060362173038,0.23876404494382023,0.0449438202247191,0.3115395700414429,100.87533333333332,17.2,R,0.14174153938879996,606,,,,,,,,0.5,,,PASS
824412,2026-07-18 23:10:00+00:00,PIT,CLE,PIT,CLE,0,668804,Bryan Reynolds,confirmed,3.0,4.55,671106,0.03745318352059925,0.06741573033707865,0.054380664652567974,0.19101123595505617,0.25842696629213485,0.20224719101123595,0.12734082397003746,0.37509022999999997,98.27533333333334,0.043478260869565216,0.043478260869565216,0.030612244897959183,0.14492753623188406,0.3188405797101449,0.2753623188405797,0.14492753623188406,0.3435069766666667,95.77066666666666,R,0.0,0.0,0.0,0.03,0.06,0.0,0,Progressive Field,79.0,77.0,8.6,0.0,0.0,0.7371285892634207,,,,,,,,,,,0.1337683187684377,648,,,,,,,,0.5,,,PASS
824979,2026-07-19 02:05:00+00:00,WSH,ATH,ATH,WSH,1,671732,Lawrence Butler,confirmed,8.0,3.85,641793,0.02074688796680498,0.04149377593360996,0.03289473684210526,0.14107883817427386,0.2697095435684647,0.26141078838174275,0.12033195020746888,0.2997417081920904,96.84186440677966,0.0,0.01694915254237288,0.012048192771084338,0.03389830508474576,0.2711864406779661,0.288135593220339,0.15254237288135594,0.2746925144444444,94.48,L,0.0,0.0,0.0,0.03,0.06,0.0,0,Sutter Health Park,87.2,24.0,9.4,0.0,0.0,1.45,0.07142857142857142,0.10714285714285714,0.25396825396825395,0.6081081081081081,0.1388888888888889,0.07539682539682539,0.4242962811209265,102.25583333333333,13.916666666666666,R,0.1336102172800321,648,,,,,,,,0.5,,,PASS
824979,2026-07-19 02:05:00+00:00,WSH,ATH,WSH,ATH,0,695734,Daylen Lile,confirmed,6.0,4.15,669372,0.03125,0.07421875,0.050397877984084884,0.203125,0.3359375,0.171875,0.04296875,0.29853168968253957,95.56283333333334,0.046875,0.09375,0.05504587155963303,0.25,0.4375,0.234375,0.0,0.30238888888888893,95.92200000000001,L,0.0,0.0,0.0,0.03,0.06,0.0,0,Sutter Health Park,87.2,24.0,9.4,0.0,0.0,1.45,0.025787965616045846,0.04297994269340974,0.15759312320916904,0.425,0.2177650429799427,0.10888252148997135,0.3215942027885721,99.59999999999997,16.133333333333333,R,0.13109220689997014,663,,,,,,,,0.5,,,PASS
823116,2026-07-19 00:08:00+00:00,SF,SEA,SF,SEA,0,669477,Casey Schmitt,confirmed,3.0,4.55,693433,0.05660377358490566,0.09056603773584905,0.059850374064837904,0.2830188679245283,0.33584905660377357,0.19245283018867926,0.018867924528301886,0.35986386277777777,99.29983333333334,0.045454545454545456,0.10606060606060606,0.07608695652173914,0.3484848484848485,0.3181818181818182,0.18181818181818182,0.030303030303030304,0.3853146533333333,100.34333333333333,R,0.0,0.0,0.0,0.03,0.06,0.0,1,T-Mobile Park,71.2,57.0,7.0,0.0,0.5,0.65,0.028089887640449437,0.05337078651685393,0.19101123595505617,0.5010060362173038,0.23876404494382023,0.0449438202247191,0.3115395700414429,100.87533333333332,17.2,R,0.13021127445677216,668,,,,,,,,0.5,,,PASS
824008,2026-07-19 02:07:00+00:00,DET,LAA,LAA,DET,1,624585,Jorge Soler,confirmed,4.0,4.45,669373,0.027450980392156862,0.06666666666666667,0.060714285714285714,0.15294117647058825,0.21176470588235294,0.2980392156862745,0.10196078431372549,0.2941719616666667,96.95483333333333,0.015873015873015872,0.06349206349206349,0.06153846153846154,0.14285714285714285,0.2222222222222222,0.30158730158730157,0.14285714285714285,0.28794895666666664,98.05533333333334,R,0.0,0.0,0.0,0.03,0.06,0.0,0,Angel Stadium,76.2,67.0,7.7,0.0,0.0,0.6672284644194756,0.03355704697986577,0.04697986577181208,0.1610738255033557,0.5115681233933161,0.2986577181208054,0.03691275167785235,0.2725821274599147,99.51923076923079,17.384615384615383,L,0.12648885065636917,691,,,,,,,,0.5,,,PASS
823116,2026-07-19 00:08:00+00:00,SF,SEA,SEA,SF,1,686527,Dominic Canzone,confirmed,3.0,4.55,657277,0.06074766355140187,0.10747663551401869,0.09236947791164658,0.1822429906542056,0.22429906542056074,0.2102803738317757,0.09345794392523364,0.36545363944444437,96.26916666666666,0.06349206349206349,0.09523809523809523,0.08108108108108109,0.1746031746031746,0.23809523809523808,0.23809523809523808,0.07936507936507936,0.31344008777777776,98.19,L,0.0,0.0,0.0,0.03,0.06,0.0,0,T-Mobile Park,71.2,57.0,7.0,0.0,0.5,0.65,0.020671834625323,0.03617571059431524,0.12144702842377261,0.41082164328657317,0.18863049095607234,0.06459948320413436,0.30835179003882796,102.014,18.866666666666667,R,0.12535524484449853,698,,,,,,,,0.5,,,PASS
823116,2026-07-19 00:08:00+00:00,SF,SEA,SF,SEA,0,671218,Heliot Ramos,confirmed,5.0,4.3,693433,0.03389830508474576,0.11016949152542373,0.07761194029850746,0.21610169491525424,0.2966101694915254,0.2584745762711864,0.046610169491525424,0.3365229078947369,97.85596491228071,0.0625,0.15625,0.11764705882352941,0.296875,0.421875,0.234375,0.03125,0.39814429888888886,99.72333333333334,R,0.0,0.0,0.0,0.03,0.06,0.0,1,T-Mobile Park,71.2,57.0,7.0,0.0,0.5,0.65,0.028089887640449437,0.05337078651685393,0.19101123595505617,0.5010060362173038,0.23876404494382023,0.0449438202247191,0.3115395700414429,100.87533333333332,17.2,R,0.1250393150799117,700,,,,,,,,0.5,,,PASS
824412,2026-07-18 23:10:00+00:00,PIT,CLE,PIT,CLE,0,664040,Brandon Lowe,confirmed,7.0,4.0,671106,0.04693140794223827,0.07942238267148015,0.06470588235294118,0.23465703971119134,0.23465703971119134,0.2743682310469314,0.08664259927797834,0.33336613277777777,97.3968333333333,0.027777777777777776,0.08333333333333333,0.06741573033707865,0.1527777777777778,0.2361111111111111,0.3333333333333333,0.05555555555555555,0.28016517333333335,97.98600000000002,L,0.0,0.0,0.0,0.03,0.06,0.0,0,Progressive Field,79.0,77.0,8.6,0.0,0.0,0.7371285892634207,,,,,,,,,,,0.12343615004388032,710,,,,,,,,0.5,,,PASS
824412,2026-07-18 23:10:00+00:00,PIT,CLE,PIT,CLE,0,542303,Marcell Ozuna,confirmed,6.0,4.15,671106,0.0321285140562249,0.05220883534136546,0.04482758620689655,0.19678714859437751,0.21285140562248997,0.30522088353413657,0.09236947791164658,0.3001193422413793,95.94706896551725,0.05172413793103448,0.05172413793103448,0.04225352112676056,0.1724137931034483,0.1724137931034483,0.3620689655172414,0.10344827586206896,0.30339264777777775,93.86533333333334,R,0.0,0.0,0.0,0.03,0.06,0.0,0,Progressive Field,79.0,77.0,8.6,0.0,0.0,0.7371285892634207,,,,,,,,,,,0.12186768789884816,721,,,,,,,,0.5,,,PASS
824979,2026-07-19 02:05:00+00:00,WSH,ATH,WSH,ATH,0,660688,Keibert Ruiz,confirmed,5.0,4.3,669372,0.033816425120772944,0.04830917874396135,0.03436426116838488,0.23671497584541062,0.27053140096618356,0.12560386473429952,0.033816425120772944,0.27634702339181283,96.36701754385965,0.017857142857142856,0.03571428571428571,0.023529411764705882,0.17857142857142858,0.26785714285714285,0.14285714285714285,0.05357142857142857,0.2995088222222222,96.21199999999997,L,0.0,0.0,0.0,0.03,0.06,0.0,0,Sutter Health Park,87.2,24.0,9.4,0.0,0.0,1.45,0.025787965616045846,0.04297994269340974,0.15759312320916904,0.425,0.2177650429799427,0.10888252148997135,0.3215942027885721,99.59999999999997,16.133333333333333,R,0.12160092978598191,722,,,,,,,,0.5,,,PASS
823116,2026-07-19 00:08:00+00:00,SF,SEA,SEA,SF,1,677594,Julio Rodríguez,confirmed,2.0,4.65,657277,0.049429657794676805,0.07604562737642585,0.05698005698005698,0.23954372623574144,0.22813688212927757,0.19771863117870722,0.06463878326996197,0.3706953565873016,100.627,0.016666666666666666,0.06666666666666667,0.06349206349206349,0.18333333333333332,0.16666666666666666,0.23333333333333334,0.06666666666666667,0.40302342111111106,98.52866666666667,R,0.0,0.0,0.0,0.03,0.06,0.0,1,T-Mobile Park,71.2,57.0,7.0,0.0,0.5,0.65,0.020671834625323,0.03617571059431524,0.12144702842377261,0.41082164328657317,0.18863049095607234,0.06459948320413436,0.30835179003882796,102.014,18.866666666666667,R,0.12132621690150742,724,,,,,,,,0.5,,,PASS
824979,2026-07-19 02:05:00+00:00,WSH,ATH,ATH,WSH,1,641680,Jonah Heim,confirmed,7.0,4.0,641793,0.04142011834319527,0.047337278106508875,0.0365296803652968,0.1242603550295858,0.30177514792899407,0.1893491124260355,0.07692307692307693,0.2974103742063492,94.63380952380953,0.04838709677419355,0.04838709677419355,0.03409090909090909,0.11290322580645161,0.3709677419354839,0.22580645161290322,0.06451612903225806,0.31295789333333335,94.412,R,3.0,0.0,0.0,0.027906976744186046,0.05581395348837209,0.06976744186046512,1,Sutter Health Park,87.2,24.0,9.4,0.0,0.0,1.45,0.07142857142857142,0.10714285714285714,0.25396825396825395,0.6081081081081081,0.1388888888888889,0.07539682539682539,0.4242962811209265,102.25583333333333,13.916666666666666,R,0.11543266498900405,766,,,,,,,,0.5,,,PASS
823116,2026-07-19 00:08:00+00:00,SF,SEA,SEA,SF,1,663728,Cal Raleigh,confirmed,6.0,4.15,657277,0.034482758620689655,0.06513409961685823,0.044386422976501305,0.25287356321839083,0.30268199233716475,0.2988505747126437,0.12643678160919541,0.2949782313888889,97.14533333333333,0.015873015873015872,0.047619047619047616,0.030612244897959183,0.23809523809523808,0.2222222222222222,0.31746031746031744,0.15873015873015872,0.26892973000000003,95.78066666666668,L,0.0,0.0,0.0,0.03,0.06,0.0,0,T-Mobile Park,71.2,57.0,7.0,0.0,0.5,0.65,0.020671834625323,0.03617571059431524,0.12144702842377261,0.41082164328657317,0.18863049095607234,0.06459948320413436,0.30835179003882796,102.014,18.866666666666667,R,0.11526821430857494,768,,,,,,,,0.5,,,PASS
824979,2026-07-19 02:05:00+00:00,WSH,ATH,ATH,WSH,1,805779,Jacob Wilson,confirmed,1.0,4.75,641793,0.016666666666666666,0.0125,0.008086253369272238,0.10833333333333334,0.3416666666666667,0.11666666666666667,0.04583333333333333,0.28701859385964906,94.320350877193,0.01694915254237288,0.0,0.0,0.0847457627118644,0.3559322033898305,0.11864406779661017,0.0847457627118644,0.34086938111111115,93.20000000000003,R,0.0,0.0,0.0,0.03,0.06,0.0,1,Sutter Health Park,87.2,24.0,9.4,0.0,0.0,1.45,0.07142857142857142,0.10714285714285714,0.25396825396825395,0.6081081081081081,0.1388888888888889,0.07539682539682539,0.4242962811209265,102.25583333333333,13.916666666666666,R,0.11132948234763064,798,,,,,,,,0.5,,,PASS
824412,2026-07-18 23:10:00+00:00,PIT,CLE,PIT,CLE,0,656811,Ryan O'Hearn,confirmed,5.0,4.3,671106,0.05,0.05384615384615385,0.04,0.2230769230769231,0.23461538461538461,0.23076923076923078,0.057692307692307696,0.3086119133333333,96.09333333333333,0.07246376811594203,0.11594202898550725,0.08791208791208792,0.21739130434782608,0.2898550724637681,0.2028985507246377,0.07246376811594203,0.38124486333333335,95.74399999999999,L,0.0,0.0,0.0,0.03,0.06,0.0,0,Progressive Field,79.0,77.0,8.6,0.0,0.0,0.7371285892634207,,,,,,,,,,,0.11065586343677473,804,,,,,,,,0.5,,,PASS
824412,2026-07-18 23:10:00+00:00,PIT,CLE,CLE,PIT,1,683953,Travis Bazzana,confirmed,1.0,4.75,682254,0.026717557251908396,0.026717557251908396,0.021148036253776436,0.1717557251908397,0.22900763358778625,0.21755725190839695,0.10305343511450382,0.29121802138888886,95.58616666666666,0.0,0.0,0.0,0.10144927536231885,0.14492753623188406,0.2608695652173913,0.08695652173913043,0.20933649333333332,94.13000000000001,L,0.0,0.0,0.0,0.03,0.06,0.0,1,Progressive Field,79.0,77.0,8.6,0.0,0.0,0.7371285892634207,0.0,0.058823529411764705,0.23529411764705882,0.5555555555555556,0.4117647058823529,0.11764705882352941,0.22392475,99.24000000000001,3.0,L,0.11051535530425423,805,,,,,,,,0.5,,,PASS
824979,2026-07-19 02:05:00+00:00,WSH,ATH,ATH,WSH,1,811965,Joshua Kuroda-Grauer,confirmed,5.0,4.3,641793,0.0,0.0,0.0,0.18,0.24,0.12,0.0,0.3137177243589744,97.22384615384615,0.0,0.0,0.0,0.18,0.24,0.12,0.0,0.3137177243589744,97.22384615384615,R,0.0,0.0,0.0,0.03,0.06,0.0,1,Sutter Health Park,87.2,24.0,9.4,0.0,0.0,1.45,0.07142857142857142,0.10714285714285714,0.25396825396825395,0.6081081081081081,0.1388888888888889,0.07539682539682539,0.4242962811209265,102.25583333333333,13.916666666666666,R,0.10731421717249866,832,,,,,,,,0.5,,,PASS
824412,2026-07-18 23:10:00+00:00,PIT,CLE,CLE,PIT,1,800050,Chase DeLauter,confirmed,3.0,4.55,682254,0.022813688212927757,0.034220532319391636,0.025936599423631124,0.17110266159695817,0.22053231939163498,0.12927756653992395,0.09125475285171103,0.33217464527777785,98.55033333333336,0.0625,0.078125,0.05747126436781609,0.203125,0.21875,0.140625,0.0625,0.38205133,100.94333333333333,L,0.0,0.0,0.0,0.03,0.06,0.0,1,Progressive Field,79.0,77.0,8.6,0.0,0.0,0.7371285892634207,0.0,0.058823529411764705,0.23529411764705882,0.5555555555555556,0.4117647058823529,0.11764705882352941,0.22392475,99.24000000000001,3.0,L,0.10623331002623909,841,,,,,,,,0.5,,,PASS
824412,2026-07-18 23:10:00+00:00,PIT,CLE,CLE,PIT,1,682177,Daniel Schneemann,confirmed,5.0,4.3,682254,0.022026431718061675,0.039647577092511016,0.03237410071942446,0.15859030837004406,0.23348017621145375,0.29955947136563876,0.08370044052863436,0.2707427372222222,94.1864406779661,0.018867924528301886,0.03773584905660377,0.03076923076923077,0.16981132075471697,0.24528301886792453,0.3584905660377358,0.03773584905660377,0.19920096555555558,94.57,L,0.0,0.0,0.0,0.03,0.06,0.0,1,Progressive Field,79.0,77.0,8.6,0.0,0.0,0.7371285892634207,0.0,0.058823529411764705,0.23529411764705882,0.5555555555555556,0.4117647058823529,0.11764705882352941,0.22392475,99.24000000000001,3.0,L,0.10461415946774041,856,,,,,,,,0.5,,,PASS
824979,2026-07-19 02:05:00+00:00,WSH,ATH,WSH,ATH,0,686611,Dylan Crews,confirmed,9.0,3.7,669372,0.031578947368421054,0.06315789473684211,0.05194805194805195,0.14736842105263157,0.2578947368421053,0.22105263157894736,0.05263157894736842,0.3158130458333334,97.8143181818182,0.015151515151515152,0.045454545454545456,0.041666666666666664,0.10606060606060606,0.22727272727272727,0.25757575757575757,0.13636363636363635,0.3025263066666667,97.16666666666667,R,0.0,0.0,0.0,0.03,0.06,0.0,1,Sutter Health Park,87.2,24.0,9.4,0.0,0.0,1.45,0.025787965616045846,0.04297994269340974,0.15759312320916904,0.425,0.2177650429799427,0.10888252148997135,0.3215942027885721,99.59999999999997,16.133333333333333,R,0.10396671517540312,862,,,,,,,,0.5,,,PASS
824008,2026-07-19 02:07:00+00:00,DET,LAA,LAA,DET,1,666176,Jo Adell,confirmed,5.0,4.3,669373,0.036290322580645164,0.06854838709677419,0.050746268656716415,0.18951612903225806,0.27419354838709675,0.22983870967741934,0.03225806451612903,0.31646799499999995,97.08683333333332,0.05,0.03333333333333333,0.02857142857142857,0.13333333333333333,0.23333333333333334,0.16666666666666666,0.03333333333333333,0.2982523944444445,94.44933333333333,R,0.0,0.0,0.0,0.03,0.06,0.0,0,Angel Stadium,76.2,67.0,7.7,0.0,0.0,0.6672284644194756,0.03355704697986577,0.04697986577181208,0.1610738255033557,0.5115681233933161,0.2986577181208054,0.03691275167785235,0.2725821274599147,99.51923076923079,17.384615384615383,L,0.10010772957331945,899,,,,,,,,0.5,,,PASS
823116,2026-07-19 00:08:00+00:00,SF,SEA,SF,SEA,0,642715,Willy Adames,confirmed,7.0,4.0,693433,0.05138339920948617,0.05928853754940711,0.04823151125401929,0.233201581027668,0.24110671936758893,0.2648221343873518,0.07509881422924901,0.3052484430555556,95.58933333333333,0.04838709677419355,0.04838709677419355,0.037037037037037035,0.27419354838709675,0.20967741935483872,0.3064516129032258,0.12903225806451613,0.31871028,93.88533333333334,R,0.0,0.0,0.0,0.03,0.06,0.0,1,T-Mobile Park,71.2,57.0,7.0,0.0,0.5,0.65,0.028089887640449437,0.05337078651685393,0.19101123595505617,0.5010060362173038,0.23876404494382023,0.0449438202247191,0.3115395700414429,100.87533333333332,17.2,R,0.09754297353776516,925,,,,,,,,0.5,,,PASS
824412,2026-07-18 23:10:00+00:00,PIT,CLE,PIT,CLE,0,693304,Nick Gonzales,confirmed,2.0,4.65,671106,0.015384615384615385,0.023076923076923078,0.017094017094017096,0.1346153846153846,0.2846153846153846,0.16153846153846155,0.08846153846153847,0.3257937713888889,94.93766666666667,0.014705882352941176,0.0,0.0,0.1323529411764706,0.3088235294117647,0.1323529411764706,0.17647058823529413,0.34057785999999995,95.07733333333333,R,0.0,0.0,0.0,0.03,0.06,0.0,0,Progressive Field,79.0,77.0,8.6,0.0,0.0,0.7371285892634207,,,,,,,,,,,0.09494924178508932,953,,,,,,,,0.5,,,PASS
824412,2026-07-18 23:10:00+00:00,PIT,CLE,CLE,PIT,1,677587,Brayan Rocchio,confirmed,2.0,4.65,682254,0.02092050209205021,0.02510460251046025,0.018404907975460124,0.1589958158995816,0.2803347280334728,0.1589958158995816,0.07112970711297072,0.3038233705555555,94.74433333333333,0.045454545454545456,0.030303030303030304,0.021739130434782608,0.21212121212121213,0.2727272727272727,0.16666666666666666,0.045454545454545456,0.3050211477777778,93.38866666666667,L,0.0,0.0,0.0,0.03,0.06,0.0,1,Progressive Field,79.0,77.0,8.6,0.0,0.0,0.7371285892634207,0.0,0.058823529411764705,0.23529411764705882,0.5555555555555556,0.4117647058823529,0.11764705882352941,0.22392475,99.24000000000001,3.0,L,0.09305642116175862,975,,,,,,,,0.5,,,PASS
824008,2026-07-19 02:07:00+00:00,DET,LAA,LAA,DET,1,687093,Vaughn Grissom,confirmed,3.0,4.55,669373,0.024875621890547265,0.04975124378109453,0.03508771929824561,0.21393034825870647,0.263681592039801,0.12935323383084577,0.07960199004975124,0.3387148737588652,97.09425531914893,0.031746031746031744,0.047619047619047616,0.03125,0.1746031746031746,0.31746031746031744,0.23809523809523808,0.047619047619047616,0.3296967711111111,94.87933333333334,R,0.0,0.0,0.0,0.03,0.06,0.0,0,Angel Stadium,76.2,67.0,7.7,0.0,0.0,0.6672284644194756,0.03355704697986577,0.04697986577181208,0.1610738255033557,0.5115681233933161,0.2986577181208054,0.03691275167785235,0.2725821274599147,99.51923076923079,17.384615384615383,L,0.09144415141676716,994,,,,,,,,0.5,,,PASS
823116,2026-07-19 00:08:00+00:00,SF,SEA,SEA,SF,1,668227,Randy Arozarena,confirmed,4.0,4.45,657277,0.03488372093023256,0.05426356589147287,0.043076923076923075,0.16279069767441862,0.2713178294573643,0.21705426356589147,0.09302325581395349,0.3506110444444444,97.74433333333333,0.06060606060606061,0.07575757575757576,0.06329113924050633,0.13636363636363635,0.25757575757575757,0.16666666666666666,0.10606060606060606,0.37567015666666664,96.818,R,0.0,0.0,0.0,0.03,0.06,0.0,1,T-Mobile Park,71.2,57.0,7.0,0.0,0.5,0.65,0.020671834625323,0.03617571059431524,0.12144702842377261,0.41082164328657317,0.18863049095607234,0.06459948320413436,0.30835179003882796,102.014,18.866666666666667,R,0.08955694108814462,1017,,,,,,,,0.5,,,PASS
824412,2026-07-18 23:10:00+00:00,PIT,CLE,CLE,PIT,1,690984,Petey Halpin,confirmed,7.0,4.0,682254,0.0,0.05660377358490566,0.043478260869565216,0.1320754716981132,0.3018867924528302,0.32075471698113206,0.03773584905660377,0.2309587433333333,91.57800000000002,0.0,0.05660377358490566,0.043478260869565216,0.1320754716981132,0.3018867924528302,0.32075471698113206,0.03773584905660377,0.2309587433333333,91.57800000000002,L,0.0,0.0,0.0,0.03,0.06,0.0,1,Progressive Field,79.0,77.0,8.6,0.0,0.0,0.7371285892634207,0.0,0.058823529411764705,0.23529411764705882,0.5555555555555556,0.4117647058823529,0.11764705882352941,0.22392475,99.24000000000001,3.0,L,0.08797747902328315,1037,,,,,,,,0.5,,,PASS
824979,2026-07-19 02:05:00+00:00,WSH,ATH,ATH,WSH,1,643446,Jeff McNeil,confirmed,9.0,3.7,641793,0.013333333333333334,0.008888888888888889,0.005235602094240838,0.21333333333333335,0.36444444444444446,0.10222222222222223,0.07555555555555556,0.28739760472222214,93.64016666666667,0.0,0.0,0.0,0.2857142857142857,0.40816326530612246,0.04081632653061224,0.02040816326530612,0.23425585555555553,92.16133333333333,L,0.0,0.0,0.0,0.03,0.06,0.0,0,Sutter Health Park,87.2,24.0,9.4,0.0,0.0,1.45,0.07142857142857142,0.10714285714285714,0.25396825396825395,0.6081081081081081,0.1388888888888889,0.07539682539682539,0.4242962811209265,102.25583333333333,13.916666666666666,R,0.0872215458739052,1047,,,,,,,,0.5,,,PASS
823116,2026-07-19 00:08:00+00:00,SF,SEA,SEA,SF,1,641487,J.P. Crawford,confirmed,1.0,4.75,657277,0.034220532319391636,0.03802281368821293,0.029585798816568046,0.12927756653992395,0.24714828897338403,0.20532319391634982,0.12547528517110265,0.3249733419444444,93.58516666666667,0.0,0.014925373134328358,0.011111111111111112,0.08955223880597014,0.208955223880597,0.2835820895522388,0.11940298507462686,0.29038012444444444,95.53733333333335,L,0.0,0.0,0.0,0.03,0.06,0.0,0,T-Mobile Park,71.2,57.0,7.0,0.0,0.5,0.65,0.020671834625323,0.03617571059431524,0.12144702842377261,0.41082164328657317,0.18863049095607234,0.06459948320413436,0.30835179003882796,102.014,18.866666666666667,R,0.08546580831036248,1070,,,,,,,,0.5,,,PASS
824412,2026-07-18 23:10:00+00:00,PIT,CLE,PIT,CLE,0,804668,Rafael Flores Jr.,confirmed,8.0,3.85,671106,0.09090909090909091,0.18181818181818182,0.16666666666666666,0.18181818181818182,0.2727272727272727,0.09090909090909091,0.09090909090909091,0.5550150277777778,99.01333333333332,0.09090909090909091,0.18181818181818182,0.16666666666666666,0.18181818181818182,0.2727272727272727,0.09090909090909091,0.09090909090909091,0.5550150277777778,99.01333333333332,R,0.0,0.0,0.0,0.03,0.06,0.0,0,Progressive Field,79.0,77.0,8.6,0.0,0.0,0.7371285892634207,,,,,,,,,,,0.08333003049382891,1100,,,,,,,,0.5,,,PASS
824412,2026-07-18 23:10:00+00:00,PIT,CLE,CLE,PIT,1,681807,David Fry,confirmed,6.0,4.15,682254,0.04310344827586207,0.017241379310344827,0.013513513513513514,0.15517241379310345,0.21551724137931033,0.3017241379310345,0.12931034482758622,0.2574376276190476,88.82714285714286,0.041666666666666664,0.0,0.0,0.14583333333333334,0.2708333333333333,0.2708333333333333,0.10416666666666667,0.2498423988888889,88.37933333333335,R,0.0,0.0,0.0,0.03,0.06,0.0,0,Progressive Field,79.0,77.0,8.6,0.0,0.0,0.7371285892634207,0.0,0.058823529411764705,0.23529411764705882,0.5555555555555556,0.4117647058823529,0.11764705882352941,0.22392475,99.24000000000001,3.0,L,0.08183578350289063,1122,,,,,,,,0.5,,,PASS
824412,2026-07-18 23:10:00+00:00,PIT,CLE,PIT,CLE,0,663968,Jake Mangum,confirmed,1.0,4.75,671106,0.008438818565400843,0.012658227848101266,0.007751937984496124,0.08860759493670886,0.28270042194092826,0.16455696202531644,0.05063291139240506,0.2867718493939394,92.73945454545456,0.014492753623188406,0.028985507246376812,0.017857142857142856,0.07246376811594203,0.2463768115942029,0.15942028985507245,0.057971014492753624,0.31064447333333334,95.23466666666668,R,0.0,0.0,0.0,0.03,0.06,0.0,0,Progressive Field,79.0,77.0,8.6,0.0,0.0,0.7371285892634207,,,,,,,,,,,0.080008797875651,1150,,,,,,,,0.5,,,PASS
823116,2026-07-19 00:08:00+00:00,SF,SEA,SEA,SF,1,670042,Luke Raley,confirmed,8.0,3.85,657277,0.05092592592592592,0.09722222222222222,0.08366533864541832,0.2361111111111111,0.23148148148148148,0.28703703703703703,0.05092592592592592,0.3213654997222222,94.88249999999998,0.0,0.09259259259259259,0.07936507936507936,0.2037037037037037,0.2037037037037037,0.3148148148148148,0.037037037037037035,0.30642718888888887,93.85333333333334,L,0.0,0.0,0.0,0.03,0.06,0.0,0,T-Mobile Park,71.2,57.0,7.0,0.0,0.5,0.65,0.020671834625323,0.03617571059431524,0.12144702842377261,0.41082164328657317,0.18863049095607234,0.06459948320413436,0.30835179003882796,102.014,18.866666666666667,R,0.07842097341062508,1175,,,,,,,,0.5,,,PASS
824008,2026-07-19 02:07:00+00:00,DET,LAA,LAA,DET,1,694203,Denzer Guzman,confirmed,7.0,4.0,669373,0.03333333333333333,0.041666666666666664,0.03048780487804878,0.14166666666666666,0.2916666666666667,0.26666666666666666,0.058333333333333334,0.28206680357142855,93.5642857142857,0.015873015873015872,0.015873015873015872,0.011363636363636364,0.12698412698412698,0.31746031746031744,0.3492063492063492,0.031746031746031744,0.23649592,91.88799999999999,R,0.0,0.0,0.0,0.03,0.06,0.0,0,Angel Stadium,76.2,67.0,7.7,0.0,0.0,0.6672284644194756,0.03355704697986577,0.04697986577181208,0.1610738255033557,0.5115681233933161,0.2986577181208054,0.03691275167785235,0.2725821274599147,99.51923076923079,17.384615384615383,L,0.07446440256302037,1243,,,,,,,,0.5,,,PASS
824979,2026-07-19 02:05:00+00:00,WSH,ATH,WSH,ATH,0,678391,Jorbit Vivas,confirmed,8.0,3.85,669372,0.015544041450777202,0.025906735751295335,0.019762845849802372,0.11917098445595854,0.27979274611398963,0.11398963730569948,0.09844559585492228,0.30563932083333334,92.30500000000004,0.03389830508474576,0.03389830508474576,0.02666666666666667,0.15254237288135594,0.3050847457627119,0.0847457627118644,0.11864406779661017,0.34813983666666665,94.67266666666666,L,0.0,0.0,0.0,0.03,0.06,0.0,0,Sutter Health Park,87.2,24.0,9.4,0.0,0.0,1.45,0.025787965616045846,0.04297994269340974,0.15759312320916904,0.425,0.2177650429799427,0.10888252148997135,0.3215942027885721,99.59999999999997,16.133333333333333,R,0.07271009052390107,1275,,,,,,,,0.5,,,PASS
823116,2026-07-19 00:08:00+00:00,SF,SEA,SEA,SF,1,647304,Josh Naylor,confirmed,5.0,4.3,657277,0.015444015444015444,0.03088803088803089,0.023255813953488372,0.16216216216216217,0.2277992277992278,0.10038610038610038,0.07335907335907337,0.3178101113888889,97.22099999999999,0.0,0.03125,0.025,0.109375,0.203125,0.09375,0.078125,0.3035601811111111,95.994,L,0.0,0.0,0.0,0.03,0.06,0.0,0,T-Mobile Park,71.2,57.0,7.0,0.0,0.5,0.65,0.020671834625323,0.03617571059431524,0.12144702842377261,0.41082164328657317,0.18863049095607234,0.06459948320413436,0.30835179003882796,102.014,18.866666666666667,R,0.07146007610604162,1299,,,,,,,,0.5,,,PASS
823116,2026-07-19 00:08:00+00:00,SF,SEA,SEA,SF,1,702284,Cole Young,confirmed,7.0,4.0,657277,0.03347280334728033,0.02510460251046025,0.018575851393188854,0.18410041841004185,0.2594142259414226,0.14225941422594143,0.05439330543933055,0.3241426327777778,96.2285,0.07272727272727272,0.03636363636363636,0.02247191011235955,0.23636363636363636,0.32727272727272727,0.2,0.05454545454545454,0.33897679444444445,96.80533333333332,L,0.0,0.0,0.0,0.03,0.06,0.0,0,T-Mobile Park,71.2,57.0,7.0,0.0,0.5,0.65,0.020671834625323,0.03617571059431524,0.12144702842377261,0.41082164328657317,0.18863049095607234,0.06459948320413436,0.30835179003882796,102.014,18.866666666666667,R,0.07054770583918656,1317,,,,,,,,0.5,,,PASS
824008,2026-07-19 02:07:00+00:00,DET,LAA,LAA,DET,1,681351,Logan O'Hoppe,confirmed,9.0,3.7,669373,0.017543859649122806,0.07456140350877193,0.0625,0.18859649122807018,0.20175438596491227,0.2412280701754386,0.07017543859649122,0.2653753569444445,93.78500000000001,0.0,0.05357142857142857,0.04838709677419355,0.17857142857142858,0.19642857142857142,0.30357142857142855,0.03571428571428571,0.20888712222222225,95.94200000000001,R,0.0,0.0,0.0,0.03,0.06,0.0,0,Angel Stadium,76.2,67.0,7.7,0.0,0.0,0.6672284644194756,0.03355704697986577,0.04697986577181208,0.1610738255033557,0.5115681233933161,0.2986577181208054,0.03691275167785235,0.2725821274599147,99.51923076923079,17.384615384615383,L,0.06864501874803557,1357,,,,,,,,0.5,,,PASS
824008,2026-07-19 02:07:00+00:00,DET,LAA,LAA,DET,1,642350,Jose Siri,confirmed,8.0,3.85,669373,0.03896103896103896,0.07792207792207792,0.06521739130434782,0.18181818181818182,0.22077922077922077,0.22077922077922077,0.03896103896103896,0.29300515833333335,93.63136363636364,0.03508771929824561,0.05263157894736842,0.04225352112676056,0.14035087719298245,0.17543859649122806,0.19298245614035087,0.05263157894736842,0.2955475655555555,95.61266666666666,R,0.0,0.0,0.0,0.03,0.06,0.0,0,Angel Stadium,76.2,67.0,7.7,0.0,0.0,0.6672284644194756,0.03355704697986577,0.04697986577181208,0.1610738255033557,0.5115681233933161,0.2986577181208054,0.03691275167785235,0.2725821274599147,99.51923076923079,17.384615384615383,L,0.06818215995053448,1367,,,,,,,,0.5,,,PASS
824412,2026-07-18 23:10:00+00:00,PIT,CLE,CLE,PIT,1,595978,Austin Hedges,confirmed,8.0,3.85,682254,0.020833333333333332,0.041666666666666664,0.03389830508474576,0.1527777777777778,0.19444444444444445,0.16666666666666666,0.0763888888888889,0.301522162601626,93.81146341463416,0.038461538461538464,0.11538461538461539,0.08823529411764706,0.2692307692307692,0.2692307692307692,0.15384615384615385,0.019230769230769232,0.34296947777777775,95.28466666666667,R,0.0,0.0,0.0,0.03,0.06,0.0,0,Progressive Field,79.0,77.0,8.6,0.0,0.0,0.7371285892634207,0.0,0.058823529411764705,0.23529411764705882,0.5555555555555556,0.4117647058823529,0.11764705882352941,0.22392475,99.24000000000001,3.0,L,0.06489914884844664,1441,,,,,,,,0.5,,,PASS
823116,2026-07-19 00:08:00+00:00,SF,SEA,SF,SEA,0,650333,Luis Arraez,confirmed,1.0,4.75,693433,0.014598540145985401,0.0072992700729927005,0.004807692307692308,0.1678832116788321,0.36496350364963503,0.0364963503649635,0.06569343065693431,0.3050987950396825,93.06799999999998,0.015151515151515152,0.015151515151515152,0.011235955056179775,0.13636363636363635,0.2727272727272727,0.045454545454545456,0.07575757575757576,0.31501577444444445,92.34533333333334,L,0.0,0.0,0.0,0.03,0.06,0.0,0,T-Mobile Park,71.2,57.0,7.0,0.0,0.5,0.65,0.028089887640449437,0.05337078651685393,0.19101123595505617,0.5010060362173038,0.23876404494382023,0.0449438202247191,0.3115395700414429,100.87533333333332,17.2,R,0.06487876562440074,1441,,,,,,,,0.5,,,PASS
824979,2026-07-19 02:05:00+00:00,WSH,ATH,WSH,ATH,0,683083,Nasim Nuñez,confirmed,7.0,4.0,669372,0.004524886877828055,0.004524886877828055,0.0035087719298245615,0.05429864253393665,0.2895927601809955,0.25339366515837103,0.1085972850678733,0.27621931749999995,90.47016666666667,0.017543859649122806,0.017543859649122806,0.015384615384615385,0.05263157894736842,0.19298245614035087,0.3333333333333333,0.12280701754385964,0.24279762666666665,92.12866666666666,R,0.0,0.0,0.0,0.03,0.06,0.0,1,Sutter Health Park,87.2,24.0,9.4,0.0,0.0,1.45,0.025787965616045846,0.04297994269340974,0.15759312320916904,0.425,0.2177650429799427,0.10888252148997135,0.3215942027885721,99.59999999999997,16.133333333333333,R,0.06112818761207012,1536,,,,,,,,0.5,,,PASS
824008,2026-07-19 02:07:00+00:00,DET,LAA,LAA,DET,1,694384,Nolan Schanuel,confirmed,6.0,4.15,669373,0.015873015873015872,0.015873015873015872,0.0110803324099723,0.13095238095238096,0.2777777777777778,0.15476190476190477,0.07936507936507936,0.3294298644444445,94.00783333333334,0.0,0.0,0.0,0.13846153846153847,0.24615384615384617,0.13846153846153847,0.13846153846153847,0.3534271577777777,92.92,L,0.0,0.0,0.0,0.03,0.06,0.0,1,Angel Stadium,76.2,67.0,7.7,0.0,0.0,0.6672284644194756,0.03355704697986577,0.04697986577181208,0.1610738255033557,0.5115681233933161,0.2986577181208054,0.03691275167785235,0.2725821274599147,99.51923076923079,17.384615384615383,L,0.05600713157171473,1685,,,,,,,,0.5,,,PASS
823116,2026-07-19 00:08:00+00:00,SF,SEA,SEA,SF,1,806068,Colt Emerson,confirmed,9.0,3.7,657277,0.043209876543209874,0.037037037037037035,0.03015075376884422,0.11728395061728394,0.2716049382716049,0.3395061728395062,0.08024691358024691,0.2402468740740741,92.04533333333333,0.01818181818181818,0.03636363636363636,0.03125,0.09090909090909091,0.3090909090909091,0.38181818181818183,0.10909090909090909,0.25360136666666666,91.54733333333334,L,0.0,0.0,0.0,0.03,0.06,0.0,0,T-Mobile Park,71.2,57.0,7.0,0.0,0.5,0.65,0.020671834625323,0.03617571059431524,0.12144702842377261,0.41082164328657317,0.18863049095607234,0.06459948320413436,0.30835179003882796,102.014,18.866666666666667,R,0.053919360382385845,1755,,,,,,,,0.5,,,PASS
824412,2026-07-18 23:10:00+00:00,PIT,CLE,PIT,CLE,0,669707,Jared Triolo,confirmed,9.0,3.7,671106,0.0048543689320388345,0.014563106796116505,0.012295081967213115,0.0970873786407767,0.22815533980582525,0.22815533980582525,0.07766990291262135,0.2693937546296296,93.43961538461538,0.017543859649122806,0.03508771929824561,0.028169014084507043,0.10526315789473684,0.22807017543859648,0.15789473684210525,0.07017543859649122,0.2870866366666667,94.16999999999999,R,0.0,0.0,0.0,0.03,0.06,0.0,0,Progressive Field,79.0,77.0,8.6,0.0,0.0,0.7371285892634207,,,,,,,,,,,0.05181366485226484,1830,,,,,,,,0.5,,,PASS
823116,2026-07-19 00:08:00+00:00,SF,SEA,SF,SEA,0,808982,Jung Hoo Lee,confirmed,6.0,4.15,693433,0.015748031496062992,0.023622047244094488,0.016666666666666666,0.1141732283464567,0.2755905511811024,0.07874015748031496,0.027559055118110236,0.3086125877777778,94.52899999999998,0.0,0.0,0.0,0.1,0.3333333333333333,0.11666666666666667,0.016666666666666666,0.2250977033333333,93.35866666666668,L,0.0,0.0,0.0,0.03,0.06,0.0,0,T-Mobile Park,71.2,57.0,7.0,0.0,0.5,0.65,0.028089887640449437,0.05337078651685393,0.19101123595505617,0.5010060362173038,0.23876404494382023,0.0449438202247191,0.3115395700414429,100.87533333333332,17.2,R,0.051062958649591504,1858,,,,,,,,0.5,,,PASS
823116,2026-07-19 00:08:00+00:00,SF,SEA,SF,SEA,0,691740,Daniel Susac,confirmed,9.0,3.7,693433,0.0,0.02702702702702703,0.01935483870967742,0.10810810810810811,0.23423423423423423,0.23423423423423423,0.05405405405405406,0.2707856148809523,92.65857142857143,0.0,0.01694915254237288,0.011235955056179775,0.0847457627118644,0.288135593220339,0.23728813559322035,0.03389830508474576,0.23896394888888892,89.63666666666667,R,0.0,0.0,0.0,0.03,0.06,0.0,1,T-Mobile Park,71.2,57.0,7.0,0.0,0.5,0.65,0.028089887640449437,0.05337078651685393,0.19101123595505617,0.5010060362173038,0.23876404494382023,0.0449438202247191,0.3115395700414429,100.87533333333332,17.2,R,0.05090475682984859,1864,,,,,,,,0.5,,,PASS
823116,2026-07-19 00:08:00+00:00,SF,SEA,SF,SEA,0,687551,Drew Gilbert,confirmed,8.0,3.85,693433,0.020618556701030927,0.015463917525773196,0.013043478260869565,0.1134020618556701,0.18041237113402062,0.17010309278350516,0.07731958762886598,0.29752078950617283,91.89055555555557,0.017857142857142856,0.0,0.0,0.10714285714285714,0.21428571428571427,0.10714285714285714,0.07142857142857142,0.3215546977777778,91.848,L,0.0,0.0,0.0,0.03,0.06,0.0,0,T-Mobile Park,71.2,57.0,7.0,0.0,0.5,0.65,0.028089887640449437,0.05337078651685393,0.19101123595505617,0.5010060362173038,0.23876404494382023,0.0449438202247191,0.3115395700414429,100.87533333333332,17.2,R,0.047095512172165004,2023,,,,,,,,0.5,,,PASS
824412,2026-07-18 23:10:00+00:00,PIT,CLE,CLE,PIT,1,680757,Steven Kwan,confirmed,9.0,3.7,682254,0.0,0.0,0.0,0.04149377593360996,0.2697095435684647,0.0995850622406639,0.13692946058091288,0.3054301655555555,89.55683333333333,0.0,0.0,0.0,0.01818181818181818,0.2,0.09090909090909091,0.10909090909090909,0.32838102666666663,88.06133333333334,L,0.0,0.0,0.0,0.03,0.06,0.0,1,Progressive Field,79.0,77.0,8.6,0.0,0.0,0.7371285892634207,0.0,0.058823529411764705,0.23529411764705882,0.5555555555555556,0.4117647058823529,0.11764705882352941,0.22392475,99.24000000000001,3.0,L,0.02971603500234401,3265,,,,,,,,0.5,,,PASS
