game_pk,player_id,actual_batter_hits,actual_batter_total_bases,actual_batter_home_runs,actual_pitcher_strikeouts,actual_pitcher_outs,actual_pitcher_hits_allowed
822931,476594,,,,,,
822931,543760,1.0,2.0,0.0,,,
822931,571927,,,,1.0,7.0,0.0
822931,592155,,,,1.0,4.0,3.0
822931,596019,1.0,1.0,0.0,,,
822931,606965,,,,0.0,2.0,4.0
822931,607259,,,,,,
822931,620443,0.0,0.0,0.0,,,
822931,622761,,,,,,
822931,640455,,,,,,
822931,641329,,,,0.0,3.0,1.0
822931,642376,,,,,,
822931,642547,,,,,,
822931,643377,,,,1.0,8.0,7.0
822931,650490,1.0,1.0,0.0,,,
822931,650960,,,,1.0,4.0,0.0
822931,655889,,,,3.0,5.0,3.0
822931,656775,1.0,1.0,0.0,,,
822931,656876,,,,,,
822931,663556,,,,,,
822931,663743,,,,,,
822931,663795,,,,2.0,9.0,2.0
822931,664076,,,,,,
822931,665506,,,,,,
822931,665742,2.0,5.0,1.0,,,
822931,666018,1.0,1.0,0.0,,,
822931,666182,2.0,3.0,0.0,,,
822931,666624,,,,,,
822931,668723,,,,,,
822931,668901,1.0,1.0,0.0,,,
822931,668984,,,,,,
822931,669330,,,,,,
822931,670764,1.0,2.0,0.0,,,
822931,673380,,,,1.0,4.0,0.0
822931,673540,,,,,,
822931,676356,0.0,0.0,0.0,,,
822931,676724,1.0,1.0,0.0,,,
822931,680700,1.0,4.0,1.0,,,
822931,681035,,,,,,
822931,681320,,,,2.0,5.0,1.0
822931,681810,,,,,,
822931,682626,,,,,,
822931,683146,1.0,2.0,0.0,,,
822931,683748,0.0,0.0,0.0,,,
822931,687330,,,,,,
822931,689414,0.0,0.0,0.0,,,
822931,690997,,,,,,
822931,691406,0.0,0.0,0.0,,,
822931,693855,,,,,,
822931,700652,,,,,,
822931,701807,2.0,2.0,0.0,,,
822931,702752,,,,1.0,3.0,0.0
822931,703492,2.0,3.0,0.0,,,
822931,802415,2.0,2.0,0.0,,,
822931,804267,,,,,,
822931,805999,1.0,1.0,0.0,,,
823339,489446,,,,,,
823339,542194,,,,,,
823339,596133,,,,,,
823339,642397,,,,,,
823339,646240,2.0,5.0,1.0,,,
823339,657277,,,,,,
823339,663968,1.0,1.0,0.0,,,
823339,664040,1.0,2.0,0.0,,,
823339,665665,,,,0.0,2.0,1.0
823339,665833,1.0,1.0,0.0,,,
823339,666808,,,,0.0,3.0,1.0
823339,668800,,,,,,
823339,668804,2.0,3.0,0.0,,,
823339,669199,,,,,,
823339,669387,,,,2.0,9.0,0.0
823339,669707,0.0,0.0,0.0,,,
823339,670990,,,,,,
823339,671345,,,,0.0,3.0,1.0
823339,676254,,,,1.0,2.0,1.0
823339,677952,,,,,,
823339,678545,0.0,0.0,0.0,,,
823339,680779,,,,,,
823339,681439,,,,,,
823339,681895,,,,,,
823339,681916,,,,2.0,3.0,1.0
823339,682254,,,,,,
823339,683003,,,,,,
823339,683363,,,,,,
823339,683627,,,,,,
823339,683766,1.0,1.0,0.0,,,
823339,685126,,,,0.0,3.0,1.0
823339,687462,1.0,1.0,0.0,,,
823339,687529,0.0,0.0,0.0,,,
823339,687551,0.0,0.0,0.0,,,
823339,693304,1.0,1.0,0.0,,,
823339,693313,,,,1.0,5.0,2.0
823339,694376,1.0,2.0,0.0,,,
823339,694377,,,,,,
823339,694378,1.0,2.0,0.0,,,
823339,694738,,,,4.0,15.0,2.0
823339,694820,,,,,,
823339,694918,,,,,,
823339,694973,,,,,,
823339,695257,,,,,,
823339,696149,,,,4.0,15.0,5.0
823339,699013,0.0,0.0,0.0,,,
823339,701852,1.0,1.0,0.0,,,
823339,702885,,,,,,
823339,801501,0.0,0.0,0.0,,,
823339,804668,0.0,0.0,0.0,,,
823339,805074,,,,,,
823339,805345,,,,,,
823339,805811,1.0,2.0,0.0,,,
823339,806367,1.0,1.0,0.0,,,
823339,808982,0.0,0.0,0.0,,,
823339,813841,0.0,0.0,0.0,,,
823660,445276,,,,1.0,1.0,1.0
823660,573124,,,,1.0,2.0,1.0
823660,595879,1.0,2.0,0.0,,,
823660,605137,2.0,2.0,0.0,,,
823660,605170,0.0,0.0,0.0,,,
823660,621097,,,,1.0,4.0,0.0
823660,621345,,,,1.0,4.0,1.0
823660,623454,,,,5.0,17.0,3.0
823660,640448,,,,3.0,6.0,2.0
823660,641755,,,,2.0,4.0,0.0
823660,641927,,,,,,
823660,650402,0.0,0.0,0.0,,,
823660,656546,,,,3.0,3.0,0.0
823660,656577,,,,,,
823660,656716,0.0,0.0,0.0,,,
823660,663616,1.0,2.0,0.0,,,
823660,663947,,,,1.0,3.0,1.0
823660,664285,,,,,,
823660,665019,0.0,0.0,0.0,,,
823660,665152,,,,5.0,12.0,6.0
823660,667297,,,,1.0,4.0,3.0
823660,668904,1.0,1.0,0.0,,,
823660,668952,0.0,0.0,0.0,,,
823660,670183,,,,,,
823660,671737,,,,,,
823660,672456,,,,,,
823660,672782,,,,1.0,5.0,0.0
823660,675512,,,,,,
823660,679529,1.0,4.0,1.0,,,
823660,680664,2.0,3.0,0.0,,,
823660,680777,1.0,2.0,0.0,,,
823660,681892,,,,2.0,5.0,3.0
823660,682985,1.0,2.0,0.0,,,
823660,686797,3.0,3.0,0.0,,,
823660,687570,,,,,,
823660,689225,,,,,,
823660,690993,1.0,1.0,0.0,,,
823660,693307,,,,,,
823660,694224,0.0,0.0,0.0,,,
823660,695549,,,,,,
823660,700270,,,,,,
823660,701162,2.0,2.0,0.0,,,
823660,701519,,,,0.0,1.0,0.0
823660,701678,1.0,1.0,0.0,,,
823660,701785,0.0,0.0,0.0,,,
823660,702193,,,,,,
823660,703601,3.0,6.0,0.0,,,
823660,805346,0.0,0.0,0.0,,,
823660,805427,,,,1.0,1.0,2.0
823660,805673,,,,,,
823660,805805,0.0,0.0,0.0,,,
823660,805808,0.0,0.0,0.0,,,
823660,807712,1.0,1.0,0.0,,,
823660,807726,2.0,3.0,0.0,,,
823660,808825,,,,,,
823660,814430,0.0,0.0,0.0,,,
823906,500743,1.0,2.0,0.0,,,
823906,518692,2.0,5.0,1.0,,,
823906,571771,0.0,0.0,0.0,,,
823906,571970,0.0,0.0,0.0,,,
823906,592773,,,,1.0,3.0,2.0
823906,592779,,,,1.0,3.0,3.0
823906,595014,,,,,,
823906,602104,0.0,0.0,0.0,,,
823906,605141,2.0,6.0,1.0,,,
823906,605483,,,,,,
823906,606192,3.0,4.0,0.0,,,
823906,607192,,,,,,
823906,623465,,,,,,
823906,656945,,,,0.0,3.0,1.0
823906,660271,0.0,0.0,0.0,,,
823906,663494,0.0,0.0,0.0,,,
823906,663656,1.0,1.0,0.0,,,
823906,665877,1.0,1.0,0.0,,,
823906,666277,,,,1.0,3.0,3.0
823906,669165,,,,,,
823906,669242,1.0,1.0,0.0,,,
823906,669257,0.0,0.0,0.0,,,
823906,669357,0.0,0.0,0.0,,,
823906,669373,,,,,,
823906,669461,,,,,,
823906,669743,,,,,,
823906,671056,0.0,0.0,0.0,,,
823906,676263,,,,0.0,3.0,0.0
823906,676439,1.0,1.0,0.0,,,
823906,676475,0.0,0.0,0.0,,,
823906,676617,,,,1.0,3.0,0.0
823906,677865,,,,1.0,3.0,1.0
823906,678020,,,,,,
823906,680736,,,,,,
823906,681517,,,,,,
823906,681676,,,,2.0,3.0,0.0
823906,681911,,,,,,
823906,683618,,,,,,
823906,684516,,,,,,
823906,685464,,,,,,
823906,686780,,,,,,
823906,687221,0.0,0.0,0.0,,,
823906,687273,,,,,,
823906,687363,0.0,0.0,0.0,,,
823906,690976,0.0,0.0,0.0,,,
823906,691023,1.0,2.0,0.0,,,
823906,693409,,,,,,
823906,695336,2.0,5.0,1.0,,,
823906,695491,2.0,4.0,0.0,,,
823906,699024,1.0,4.0,1.0,,,
823906,700241,,,,,,
823906,700669,,,,6.0,9.0,3.0
823906,701675,2.0,2.0,0.0,,,
823906,703725,,,,1.0,3.0,0.0
823906,802408,,,,0.0,3.0,2.0
823906,808967,,,,8.0,21.0,5.0
823983,502671,2.0,2.0,0.0,,,
823983,518595,0.0,0.0,0.0,,,
823983,543037,,,,,,
823983,545361,1.0,1.0,0.0,,,
823983,579328,,,,,,
823983,605242,,,,1.0,3.0,1.0
823983,607074,,,,,,
823983,608331,,,,,,
823983,621112,,,,,,
823983,623168,0.0,0.0,0.0,,,
823983,624428,0.0,0.0,0.0,,,
823983,641355,3.0,3.0,0.0,,,
823983,641857,0.0,0.0,0.0,,,
823983,642048,,,,,,
823983,642232,,,,,,
823983,642350,0.0,0.0,0.0,,,
823983,642708,1.0,2.0,0.0,,,
823983,645305,0.0,0.0,0.0,,,
823983,657612,,,,,,
823983,661563,,,,,,
823983,663757,1.0,1.0,0.0,,,
823983,665862,0.0,0.0,0.0,,,
823983,666139,,,,,,
823983,669224,2.0,2.0,0.0,,,
823983,670167,,,,,,
823983,670245,,,,1.0,3.0,1.0
823983,670280,,,,3.0,3.0,1.0
823983,671111,,,,,,
823983,671218,0.0,0.0,0.0,,,
823983,671277,0.0,0.0,0.0,,,
823983,672282,,,,8.0,21.0,6.0
823983,672724,0.0,0.0,0.0,,,
823983,676609,1.0,1.0,0.0,,,
823983,676620,,,,0.0,1.0,0.0
823983,677347,,,,,,
823983,680570,,,,,,
823983,682987,0.0,0.0,0.0,,,
823983,684665,,,,1.0,2.0,5.0
823983,685133,0.0,0.0,0.0,,,
823983,687093,2.0,5.0,1.0,,,
823983,687263,0.0,0.0,0.0,,,
823983,687396,,,,,,
823983,690829,,,,1.0,3.0,0.0
823983,693645,,,,9.0,24.0,2.0
823983,694203,,,,,,
823983,694208,1.0,4.0,1.0,,,
823983,695681,0.0,0.0,0.0,,,
823983,695684,,,,,,
823983,696270,,,,,,
823983,696519,,,,,,
823983,700250,2.0,2.0,0.0,,,
823983,700712,,,,,,
823983,701542,,,,,,
823983,806146,,,,,,
823983,815083,,,,,,
823983,820862,,,,,,
824068,518886,,,,1.0,3.0,1.0
824068,521692,1.0,4.0,1.0,,,
824068,543238,,,,,,
824068,571912,,,,,,
824068,607625,,,,,,
824068,608379,,,,,,
824068,621016,,,,0.0,1.0,2.0
824068,640459,,,,,,
824068,645261,,,,,,
824068,656638,,,,1.0,3.0,2.0
824068,656848,,,,1.0,3.0,0.0
824068,663738,,,,,,
824068,663878,,,,1.0,3.0,2.0
824068,663969,,,,,,
824068,664728,0.0,0.0,0.0,,,
824068,665052,2.0,2.0,0.0,,,
824068,665923,0.0,0.0,0.0,,,
824068,667652,,,,0.0,3.0,0.0
824068,668834,,,,,,
824068,668942,,,,,,
824068,669065,2.0,5.0,1.0,,,
824068,670231,1.0,1.0,0.0,,,
824068,671162,,,,1.0,2.0,1.0
824068,672640,1.0,3.0,0.0,,,
824068,674444,,,,,,
824068,676083,,,,,,
824068,676510,,,,,,
824068,676534,,,,0.0,3.0,0.0
824068,676604,,,,,,
824068,677870,,,,,,
824068,677951,1.0,1.0,0.0,,,
824068,677976,,,,,,
824068,679845,1.0,1.0,0.0,,,
824068,680767,,,,,,
824068,681715,2.0,4.0,0.0,,,
824068,682663,0.0,0.0,0.0,,,
824068,683090,,,,,,
824068,683357,,,,,,
824068,686469,0.0,0.0,0.0,,,
824068,686475,,,,,,
824068,686555,,,,,,
824068,686681,2.0,3.0,0.0,,,
824068,687134,,,,,,
824068,687473,,,,,,
824068,688363,,,,,,
824068,690978,,,,,,
824068,691587,,,,3.0,14.0,9.0
824068,691594,3.0,6.0,1.0,,,
824068,691788,1.0,1.0,0.0,,,
824068,691858,1.0,1.0,0.0,,,
824068,694795,,,,1.0,3.0,0.0
824068,695506,1.0,2.0,0.0,,,
824068,695600,2.0,8.0,2.0,,,
824068,702070,,,,7.0,15.0,5.0
824068,805300,1.0,4.0,1.0,,,
824068,806188,,,,1.0,1.0,0.0
824147,502054,0.0,0.0,0.0,,,
824147,514888,0.0,0.0,0.0,,,
824147,543877,0.0,0.0,0.0,,,
824147,545341,0.0,0.0,0.0,,,
824147,572233,0.0,0.0,0.0,,,
824147,595345,,,,,,
824147,607200,,,,,,
824147,622491,,,,,,
824147,623352,,,,1.0,3.0,0.0
824147,641743,,,,,,
824147,643217,0.0,0.0,0.0,,,
824147,650556,,,,,,
824147,656794,,,,2.0,6.0,2.0
824147,656986,,,,,,
824147,660853,,,,,,
824147,662139,1.0,1.0,0.0,,,
824147,663436,,,,3.0,17.0,5.0
824147,663542,,,,,,
824147,663567,,,,,,
824147,663855,,,,,,
824147,664299,,,,,,
824147,664353,,,,,,
824147,664774,0.0,0.0,0.0,,,
824147,665161,1.0,1.0,0.0,,,
824147,666211,0.0,0.0,0.0,,,
824147,668670,,,,,,
824147,669397,0.0,0.0,0.0,,,
824147,669713,,,,5.0,21.0,1.0
824147,669854,,,,,,
824147,670541,2.0,3.0,0.0,,,
824147,670623,1.0,1.0,0.0,,,
824147,670950,,,,,,
824147,671976,2.0,4.0,0.0,,,
824147,673237,,,,,,
824147,676369,1.0,1.0,0.0,,,
824147,676694,0.0,0.0,0.0,,,
824147,678246,0.0,0.0,0.0,,,
824147,678906,,,,,,
824147,680732,,,,,,
824147,682668,,,,,,
824147,686613,,,,,,
824147,686668,,,,,,
824147,691011,0.0,0.0,0.0,,,
824147,691799,,,,,,
824147,695657,0.0,0.0,0.0,,,
824147,695731,0.0,0.0,0.0,,,
824147,696146,,,,,,
824147,699823,,,,0.0,1.0,0.0
824147,701358,1.0,1.0,0.0,,,
824147,803011,0.0,0.0,0.0,,,
824147,805123,,,,0.0,3.0,2.0
824147,805326,,,,,,
824147,805367,0.0,0.0,0.0,,,
824147,808959,1.0,1.0,0.0,,,
824147,814490,,,,,,
824147,837227,,,,,,
824390,453286,,,,,,
824390,543807,1.0,2.0,0.0,,,
824390,547179,,,,,,
824390,573009,,,,,,
824390,595978,,,,0.0,5.0,3.0
824390,608070,0.0,0.0,0.0,,,
824390,623149,,,,1.0,3.0,0.0
824390,643511,,,,,,
824390,656302,,,,4.0,18.0,4.0
824390,656492,,,,,,
824390,660821,0.0,0.0,0.0,,,
824390,663893,,,,2.0,3.0,0.0
824390,663993,0.0,0.0,0.0,,,
824390,664702,2.0,3.0,0.0,,,
824390,664770,2.0,2.0,0.0,,,
824390,665489,3.0,7.0,1.0,,,
824390,665926,2.0,2.0,0.0,,,
824390,666176,0.0,0.0,0.0,,,
824390,667755,,,,,,
824390,668909,,,,,,
824390,669701,1.0,4.0,1.0,,,
824390,670036,,,,,,
824390,670059,,,,,,
824390,671106,,,,,,
824390,671922,,,,,,
824390,672275,2.0,2.0,0.0,,,
824390,672386,0.0,0.0,0.0,,,
824390,672578,,,,2.0,6.0,3.0
824390,672960,0.0,0.0,0.0,,,
824390,676282,,,,6.0,16.0,9.0
824390,676391,1.0,1.0,0.0,,,
824390,676440,,,,,,
824390,677587,,,,,,
824390,678218,,,,,,
824390,680755,,,,2.0,3.0,2.0
824390,680757,0.0,0.0,0.0,,,
824390,681293,,,,,,
824390,681807,1.0,1.0,0.0,,,
824390,681870,,,,,,
824390,682120,,,,,,
824390,682177,0.0,0.0,0.0,,,
824390,682657,0.0,0.0,0.0,,,
824390,683769,,,,,,
824390,683953,0.0,0.0,0.0,,,
824390,684974,,,,,,
824390,686973,,,,,,
824390,689254,,,,,,
824390,690984,0.0,0.0,0.0,,,
824390,693686,,,,,,
824390,694197,0.0,0.0,0.0,,,
824390,694357,,,,,,
824390,703520,1.0,1.0,0.0,,,
824390,800048,,,,,,
824390,800050,3.0,4.0,0.0,,,
824390,807727,1.0,1.0,0.0,,,
824390,815873,1.0,1.0,0.0,,,
824634,571510,,,,,,
824634,573204,,,,2.0,3.0,0.0
824634,592332,,,,,,
824634,592885,2.0,3.0,0.0,,,
824634,596142,0.0,0.0,0.0,,,
824634,605280,,,,,,
824634,607067,,,,0.0,2.0,2.0
824634,608324,2.0,5.0,1.0,,,
824634,608348,,,,,,
824634,621053,,,,,,
824634,621438,1.0,1.0,0.0,,,
824634,622608,,,,0.0,3.0,0.0
824634,624424,0.0,0.0,0.0,,,
824634,641343,0.0,0.0,0.0,,,
824634,650644,,,,,,
824634,656730,,,,2.0,3.0,1.0
824634,656849,,,,4.0,11.0,7.0
824634,657097,,,,0.0,1.0,1.0
824634,661388,2.0,2.0,0.0,,,
824634,663423,,,,2.0,2.0,2.0
824634,663538,0.0,0.0,0.0,,,
824634,664023,1.0,1.0,0.0,,,
824634,665804,0.0,0.0,0.0,,,
824634,666152,,,,,,
824634,666171,,,,,,
824634,666310,,,,,,
824634,668930,0.0,0.0,0.0,,,
824634,668941,,,,1.0,3.0,0.0
824634,669003,,,,,,
824634,669020,,,,1.0,5.0,0.0
824634,669084,,,,,,
824634,669160,,,,,,
824634,672356,,,,,,
824634,673548,0.0,0.0,0.0,,,
824634,675660,,,,,,
824634,676879,,,,0.0,3.0,0.0
824634,681230,0.0,0.0,0.0,,,
824634,681982,,,,,,
824634,682842,,,,1.0,3.0,0.0
824634,683734,2.0,2.0,0.0,,,
824634,683737,0.0,0.0,0.0,,,
824634,684007,,,,,,
824634,686217,0.0,0.0,0.0,,,
824634,687401,1.0,1.0,0.0,,,
824634,688107,,,,,,
824634,690986,,,,,,
824634,691718,1.0,1.0,0.0,,,
824634,694037,,,,0.0,3.0,2.0
824634,694192,4.0,8.0,1.0,,,
824634,694477,,,,,,
824634,694819,,,,5.0,12.0,5.0
824634,699393,,,,,,
824634,701656,,,,,,
824634,800325,1.0,1.0,0.0,,,
824634,806198,2.0,2.0,0.0,,,
824634,807713,1.0,3.0,0.0,,,
